Event,plot,grid,collection_datetime,sample_name,S275_295,S275_295_r2,S350_400,S350_400_r2,Sr,E2toE3,FI,HIX,FRESH,BIX,Abs_250nm,Abs_254nm,Abs_280nm,Abs_350nm,Abs_365nm,Abs_412nm,Abs_440nm,C_RSU,A_RSU,T_RSU,B_RSU,M_RSU,FDOM_RSU,evacuation_date
TMP,Control,C3,2023-06-28T15:59:00Z,TMP_C_C3_20230628,0.014328,0.99693,0.01857,0.99967,0.77158,5.395,1.595,0.92571,0.57412,0.58642,0.35103,0.34197,0.34197,0.084542,0.065067,0.026148,0.016271,1.3685,2.1113,0.3324,0.19978,1.1255,1.0426,2023-06-23
TMP,Control,C6,2023-06-28T19:24:00Z,TMP_C_C6_20230628,0.014235,0.99871,0.018519,0.99982,0.76867,5.3406,1.556,0.92839,0.56774,0.58054,0.44877,0.43626,0.43626,0.10939,0.084029,0.034081,0.021001,1.7678,2.7131,0.39947,0.20971,1.5017,1.3705,2023-06-23
TMP,Control,C6,2023-06-03T18:41:00Z,TMP_C_C6_20230603,0.014929,0.99843,0.019802,0.9997,0.75389,5.8582,1.5791,0.93038,0.58284,0.59222,0.26698,0.25878,0.25878,0.060288,0.045574,0.017225,0.0099046,1.1656,1.9234,0.27994,0.15868,1.0015,0.93263,2023-05-31
TMP,Control,D5,2023-06-27T15:59:00Z,TMP_C_D5_20230627,0.01442,0.9968,0.018627,0.99973,0.77412,5.4503,1.6468,0.9042,0.63198,0.64128,0.28471,0.27727,0.27727,0.067903,0.052237,0.02107,0.013384,1.1337,1.6671,0.30693,0.17813,0.92084,0.83768,2023-06-23
TMP,Control,E3,2023-06-28T19:48:00Z,TMP_C_E3_20230628,0.013908,0.99762,0.018093,0.9997,0.76873,5.1279,1.5593,0.93434,0.54953,0.55548,0.34458,0.33586,0.33586,0.086792,0.067197,0.027779,0.017876,1.4143,2.1233,0.31495,0.16201,1.2009,1.0274,2023-06-23
TMP,Control,F6,2023-06-28T19:04:00Z,TMP_C_F6_20230628,0.014018,0.99887,0.01813,0.99983,0.77322,5.225,1.6044,0.92018,0.56114,0.57222,0.52993,0.51597,0.51597,0.13136,0.10142,0.041989,0.026467,1.9971,3.0028,0.48916,0.28869,1.6603,1.5137,2023-06-23
TMP,Control,H3,2023-06-28T18:33:00Z,TMP_C_H3_20230628,0.014879,0.99878,0.020086,0.99959,0.74079,5.8097,1.5604,0.93692,0.54051,0.55586,0.57567,0.56037,0.56037,0.13111,0.099088,0.036875,0.021764,2.1779,3.3422,0.45974,0.23733,1.8467,1.5868,2023-06-23
TMP,Control,H6,2023-06-12T14:22:00Z,TMP_C_H6_20230612,0.014075,0.99666,0.018058,0.99985,0.77944,5.2381,1.4954,0.91044,0.54089,0.55008,0.51288,0.49963,0.49963,0.12699,0.097912,0.040953,0.027043,1.8203,2.9795,0.50221,0.31348,1.5304,1.3446,2023-06-08
TMP,Control,H6,2023-06-28T18:54:00Z,TMP_C_H6_20230628,0.013577,0.99925,0.018313,0.99979,0.74137,5.032,1.5231,0.934,0.52475,0.54259,0.70088,0.68351,0.68351,0.18063,0.13928,0.057093,0.035922,2.243,3.5724,0.51194,0.28172,1.84,1.7505,2023-06-23
TMP,Control,H6,2023-07-07T15:42:00Z,TMP_C_H6_20230707,0.014177,0.99926,0.018954,0.9998,0.74793,5.3423,1.4909,0.92661,0.52763,0.53766,0.67697,0.66025,0.66025,0.1658,0.12672,0.050599,0.031608,2.3542,3.7784,0.61275,0.38728,1.944,1.7837,2023-07-05
TMP,Control,H6,2023-07-10T16:55:00Z,TMP_C_H6_20230710,0.014657,0.99854,0.019569,0.99965,0.749,5.535,1.5662,0.89666,0.58378,0.59903,0.6572,0.64085,0.64085,0.15606,0.11874,0.045697,0.028243,2.2684,3.4707,0.66397,0.37724,1.8252,1.6965,2023-07-07
TMP,Control,H6,2023-06-03T18:15:00Z,TMP_C_H6_20230603,0.013969,0.99978,0.019327,0.9997,0.7228,5.3296,1.5194,0.94071,0.53449,0.54912,0.53051,0.51638,0.51638,0.13092,0.099541,0.03846,0.022573,1.8537,3.047,0.40727,0.24236,1.5129,1.4959,2023-05-31
TMP,Control,I5,2023-06-28T18:40:00Z,TMP_C_I5_20230628,0.013614,0.99859,0.0184,0.99965,0.73988,5.0435,1.5626,0.94102,0.54234,0.55279,0.5874,0.5731,0.5731,0.15077,0.11647,0.047265,0.029059,1.951,2.9913,0.40326,0.19859,1.5428,1.5239,2023-06-23
TMP,Control,I5,2023-07-10T17:10:00Z,TMP_C_I5_20230710,0.013989,0.99888,0.018606,0.99972,0.75187,5.2311,1.5536,0.92789,0.54861,0.55757,0.61929,0.60378,0.60378,0.15398,0.11839,0.047798,0.02979,2.0458,3.1729,0.48895,0.28404,1.6563,1.5663,2023-07-07
TMP,Control,I5,2023-06-03T18:00:00Z,TMP_C_I5_20230603,0.014591,0.99897,0.019994,0.99958,0.72974000000000006,5.6816,1.5782,0.94524,0.55667,0.56889,0.4997,0.4862,0.4862,0.11636,0.087952,0.032738,0.018907,1.8059,2.8706,0.35443,0.14476,1.4638,1.4107,2023-05-31
TMP,Control,POOL,2023-06-28T15:59:00Z,TMP_C_POOL_20230628,0.013865,0.99892,0.018513,0.99973,0.74893,5.1684,1.5672,0.88536,0.54084,0.54921,0.50736,0.49408,0.49408,0.12759,0.098167,0.039606,0.024233,1.7443,2.6759,0.45124,0.30627,1.4501,1.328,2023-06-23
TMP,Freshwater,B4,2023-06-27T16:02:00Z,TMP_FW_B4_20230627,0.013947,0.99936,0.0186,0.99974,0.74983,5.3303,1.5406,0.93423,0.55649,0.56068,0.36964,0.35973,0.35973,0.090234,0.069348,0.027882,0.017229,1.4082,2.256,0.33224,0.14783,1.1798,1.0928,2023-06-23
TMP,Freshwater,B4,2023-06-06T20:30:00Z,TMP_FW_B4_20230606,0.013482,0.99742,0.016212,0.9998,0.83162,4.9067,1.5174,0.89829,0.54659,0.55383,0.18368,0.17866,0.17866,0.047588,0.037435,0.017631,0.012425,0.72747,1.1558,0.21894,0.1582,0.64059,0.51729,2023-06-05
TMP,Freshwater,B4,2023-06-07T21:23:00Z,TMP_FW_B4_20230607_1600,0.014032,0.99786,0.017047,0.99991,0.82311,5.1674,1.5267,0.89722,0.54423,0.55037,0.15326,0.14886,0.14886,0.037988,0.029659,0.01317,0.0089124,0.63228,1.0153,0.18642,0.11439,0.56057,0.45602,2023-06-07
TMP,Freshwater,C3,2023-06-06T20:40:00Z,TMP_FW_C3_20230606,0.012993,0.99888,0.016363,0.99996,0.79406,4.7637,1.4545,0.92557,0.53089,0.53865,0.15222,0.1482,0.1482,0.040637,0.031955,0.01462,0.0099707,0.57151,0.96023,0.1437,0.080993,0.49522,0.42452,2023-06-05
TMP,Freshwater,C3,2023-06-08T20:13:00Z,TMP_FW_C3_20230608,0.013199,0.99941,0.017317,0.99985,0.76223,4.9181,1.4575,0.92738,0.52125,0.53667,0.21002,0.2044,0.2044,0.054662,0.042703,0.018469,0.012183,0.76571,1.2774,0.19715,0.11073,0.6615,0.58337,2023-06-07
TMP,Freshwater,C3,2023-06-14T19:02:00Z,TMP_FW_C3_20230614,0.013667,0.99862,0.017877,0.99984,0.76452,5.1987,1.4928,0.93041,0.53256,0.54201,0.24852,0.24164,0.24164,0.061759,0.047804,0.020045,0.012759,0.97069,1.6322,0.23333,0.12802,0.84564,0.73466,2023-06-12
TMP,Freshwater,C3,2023-06-27T16:11:00Z,TMP_FW_C3_20230627,0.0136,0.99941,0.017689,0.99983,0.76886,5.093,1.4921,0.93923,0.53534,0.54728,0.38067,0.37041,0.37041,0.096344,0.074744,0.031537,0.019817,1.3457,2.246,0.29241,0.1459,1.133,1.0556,2023-06-23
TMP,Freshwater,C3,2023-07-10T15:05:00Z,TMP_FW_C3_20230710,0.013688,0.99951,0.01805,0.99982,0.75838,5.2442,1.5012,0.92743,0.53494,0.54646,0.42328,0.4119,0.4119,0.10446,0.080715,0.033497,0.021103,1.4742,2.5183,0.34398,0.18896,1.2423,1.1528,2023-07-07
TMP,Freshwater,C3,2023-06-07T21:34:00Z,TMP_FW_C3_20230607_1600,0.013167,0.99901,0.016941,0.99992,0.77725,4.8871,1.4597,0.92516,0.52231,0.53541,0.17307,0.16852,0.16852,0.045247,0.035414,0.015656,0.010516,0.65636,1.1049,0.16751,0.08911,0.56833,0.49606,2023-06-07
TMP,Freshwater,C3,2023-06-07T13:02:00Z,TMP_FW_C3_20230607_1600,0.013167,0.99901,0.016941,0.99992,0.77725,4.8871,1.4597,0.92516,0.52231,0.53541,0.17307,0.16852,0.16852,0.045247,0.035414,0.015656,0.010516,0.65636,1.1049,0.16751,0.08911,0.56833,0.49606,2023-06-06
TMP,Freshwater,C3,2023-06-07T21:34:00Z,TMP_FW_C3_20230607_0800,0.013092,0.9993,0.01681,0.99993,0.77884,4.8556,1.4608,0.91852,0.51882,0.52972,0.24593,0.23924,0.23924,0.064676,0.050648,0.022485,0.014871,0.86725,1.4457,0.24121,0.13476,0.74661,0.662,2023-06-07
TMP,Freshwater,C3,2023-06-07T13:02:00Z,TMP_FW_C3_20230607_0800,0.013092,0.9993,0.01681,0.99993,0.77884,4.8556,1.4608,0.91852,0.51882,0.52972,0.24593,0.23924,0.23924,0.064676,0.050648,0.022485,0.014871,0.86725,1.4457,0.24121,0.13476,0.74661,0.662,2023-06-06
TMP,Freshwater,D5,2023-06-06T20:50:00Z,TMP_FW_D5_20230606,0.014324,0.99899,0.018441,0.99979,0.77679,5.542,1.5236,0.93356,0.56405,0.57323,0.20693,0.20103,0.20103,0.048617,0.037338,0.015127,0.0093335,0.85107,1.4677,0.20042,0.092748,0.73022,0.66546,2023-06-05
TMP,Freshwater,D5,2023-06-08T19:55:00Z,TMP_FW_D5_20230608,0.014334,0.99875,0.01878,0.99971,0.76328,5.6145,1.5323,0.94238,0.56679,0.57396,0.19471,0.18901,0.18901,0.045209,0.034679,0.013789,0.0086955,0.83659,1.4572,0.18062,0.076316,0.71596,0.65154,2023-06-07
TMP,Freshwater,D5,2023-06-12T13:44:00Z,TMP_FW_D5_20230612,0.014357,0.99909,0.018699,0.99973,0.76782,5.5821,1.5224,0.93634,0.55649,0.56598,0.24883,0.24168,0.24168,0.058035,0.044577,0.017846,0.01122,1.0333,1.7771,0.2419,0.099301,0.87786,0.80065,2023-06-08
TMP,Freshwater,D5,2023-06-14T19:13:00Z,TMP_FW_D5_20230614,0.014552,0.99893,0.018756,0.99971,0.77582,5.6836,1.5093,0.94011,0.54257,0.55019,0.27541,0.2671,0.2671,0.063236,0.048457,0.019326,0.01193,1.1509,2.0089,0.25724,0.1192,0.99091,0.87409,2023-06-12
TMP,Freshwater,D5,2023-06-27T15:49:00Z,TMP_FW_D5_20230627,0.014647,0.99877,0.018949,0.99971,0.77294,5.8677,1.5443,0.93555,0.58085,0.59141,0.35308,0.34204,0.34204,0.078732,0.060174,0.023707,0.014207,1.39,2.3727,0.31988,0.15364,1.1536,1.1065,2023-06-23
TMP,Freshwater,D5,2023-07-10T14:55:00Z,TMP_FW_D5_20230710,0.01453,0.99921,0.018883,0.99973,0.7695,5.6926,1.527,0.94216,0.56676,0.57235,0.40875,0.39673,0.39673,0.093777,0.071803,0.028421,0.017422,1.5932,2.7721,0.367,0.16724,1.3371,1.2597,2023-07-07
TMP,Freshwater,D5,2023-06-07T22:05:00Z,TMP_FW_D5_20230607_1600,0.014265,0.99887,0.01848,0.99974,0.77192,5.5276,1.5226,0.93649,0.55764,0.56771,0.20093,0.19527,0.19527,0.047211,0.03635,0.014711,0.0092337,0.86995,1.5022,0.20146,0.092868,0.74046,0.67172,2023-06-07
TMP,Freshwater,D5,2023-06-07T13:21:00Z,TMP_FW_D5_20230607_1600,0.014265,0.99887,0.01848,0.99974,0.77192,5.5276,1.5226,0.93649,0.55764,0.56771,0.20093,0.19527,0.19527,0.047211,0.03635,0.014711,0.0092337,0.86995,1.5022,0.20146,0.092868,0.74046,0.67172,2023-06-06
TMP,Freshwater,D5,2023-06-07T22:05:00Z,TMP_FW_D5_20230607_0800,0.01419,0.99927,0.018576,0.9997,0.76389,5.534,1.53,0.93225,0.55506,0.56275,0.24151,0.23467,0.23467,0.056806,0.043641,0.017479,0.010728,0.98206,1.6959,0.24203,0.11283,0.84163,0.76874,2023-06-07
TMP,Freshwater,D5,2023-06-07T13:21:00Z,TMP_FW_D5_20230607_0800,0.01419,0.99927,0.018576,0.9997,0.76389,5.534,1.53,0.93225,0.55506,0.56275,0.24151,0.23467,0.23467,0.056806,0.043641,0.017479,0.010728,0.98206,1.6959,0.24203,0.11283,0.84163,0.76874,2023-06-06
TMP,Freshwater,D5,2023-06-03T19:52:00Z,TMP_FW_D5_20230603,0.014752,0.99894,0.019944,0.99951,0.73964,5.8882,1.5124,0.94117,0.54106,0.55591,0.31882,0.30908,0.30908,0.07147,0.054145,0.020094,0.011572,1.2283,2.1307,0.26219,0.12304,1.0499,0.95713,2023-05-31
TMP,Freshwater,E3,2023-06-27T15:30:00Z,TMP_FW_E3_20230627,0.015397,0.99755,0.019993,0.99981,0.77012,6.3956,1.5863,0.92769,0.60416,0.6129,0.19199,0.18595,0.18595,0.039943,0.030018,0.01137,0.0068307,0.91682,1.514,0.24557,0.1271,0.82524,0.64825,2023-06-23
TMP,Freshwater,F4,2023-06-06T21:16:00Z,TMP_FW_F4_20230606,0.013854,0.99932,0.017803,0.9999,0.77816,5.2724,1.506,0.92724,0.553,0.56312,0.20852,0.20259,0.20259,0.051182,0.039549,0.016493,0.010329,0.84446,1.4412,0.21687,0.12757,0.73861,0.64184,2023-06-05
TMP,Freshwater,F4,2023-06-08T20:32:00Z,TMP_FW_F4_20230608,0.013372,0.99942,0.0173,0.99989,0.77294,5.0373,1.48,0.92805,0.54252,0.55366,0.22453,0.21836,0.21836,0.057216,0.044574,0.019291,0.012566,0.84658,1.4438,0.2229,0.11714,0.73675,0.6439,2023-06-07
TMP,Freshwater,F4,2023-06-27T15:17:00Z,TMP_FW_F4_20230627,0.014081,0.99919,0.018166,0.99984,0.77512,5.443,1.5302,0.9308,0.57785,0.5958,0.35538,0.34497,0.34497,0.084787,0.06529,0.026816,0.016503,1.4045,2.3654,0.37411,0.1986,1.2221,1.0637,2023-06-23
TMP,Freshwater,F4,2023-07-10T14:35:00Z,TMP_FW_F4_20230710,0.01429,0.99935,0.018732,0.99977,0.76287,5.62,1.5495,0.93271,0.57849,0.58913,0.427,0.41457,0.41457,0.099218,0.07598,0.0303,0.018548,1.6602,2.7874,0.41856,0.21927,1.4183,1.2637,2023-07-07
TMP,Freshwater,F4,2023-06-07T21:54:00Z,TMP_FW_F4_20230607_1600,0.013879,0.99936,0.017416,0.99988,0.79689,5.1807,1.4751,0.92303,0.5305,0.53982,0.17654,0.1713,0.1713,0.04377,0.034077,0.014628,0.0095213,0.67521,1.1428,0.18436,0.10586,0.58667,0.50279,2023-06-07
TMP,Freshwater,F4,2023-06-07T12:40:00Z,TMP_FW_F4_20230607_1600,0.013879,0.99936,0.017416,0.99988,0.79689,5.1807,1.4751,0.92303,0.5305,0.53982,0.17654,0.1713,0.1713,0.04377,0.034077,0.014628,0.0095213,0.67521,1.1428,0.18436,0.10586,0.58667,0.50279,2023-06-06
TMP,Freshwater,F4,2023-06-07T21:54:00Z,TMP_FW_F4_20230607_0800,0.01351,0.99959,0.017593,0.99983,0.76791,5.1197,1.485,0.92241,0.54828,0.55747,0.28132,0.27349,0.27349,0.070723,0.05495,0.023296999999999998,0.01476,1.0267,1.7455,0.30633,0.17147,0.88562,0.79444,2023-06-07
TMP,Freshwater,F4,2023-06-07T12:40:00Z,TMP_FW_F4_20230607_0800,0.01351,0.99959,0.017593,0.99983,0.76791,5.1197,1.485,0.92241,0.54828,0.55747,0.28132,0.27349,0.27349,0.070723,0.05495,0.023296999999999998,0.01476,1.0267,1.7455,0.30633,0.17147,0.88562,0.79444,2023-06-06
TMP,Freshwater,F6,2023-06-27T15:40:00Z,TMP_FW_F6_20230627,0.013819,0.99917,0.017891,0.9998,0.77242,5.1994,1.5112,0.90975,0.54988,0.56386,0.40841,0.39752,0.39752,0.10141,0.078549,0.032838,0.020816,1.5402,2.5815,0.41979,0.32379,1.2809,1.214,2023-06-23
TMP,Freshwater,H3,2023-06-06T22:00:00Z,TMP_FW_H3_20230606,0.015278,0.9987,0.017709,0.99986,0.86273,5.8886,1.6237,0.90407,0.60809,0.61145,0.125,0.12097,0.12097,0.027535,0.021228,0.0092229,0.0064855,0.64247,1.0173,0.1837,0.11628,0.5915,0.42942,2023-06-05
TMP,Freshwater,H3,2023-06-27T15:08:00Z,TMP_FW_H3_20230627,0.015876,0.99684,0.021337,0.99973,0.74407,6.8562,1.6281,0.91524,0.62431,0.63457,0.17173,0.16626,0.16626,0.034003,0.025048,0.0086746,0.0048528,0.88561,1.436,0.26455,0.16715,0.80833,0.6171,2023-06-23
TMP,Freshwater,H3,2023-06-07T20:54:00Z,TMP_FW_H3_20230607_1600,0.015153,0.9991,0.019534,0.9998,0.77575,6.103,1.596,0.90514,0.59663,0.60684,0.1239,0.12012,0.12012,0.026825,0.020302,0.0078523,0.0048499,0.62539,0.97972,0.1763,0.10206,0.56834,0.42761,2023-06-07
TMP,Freshwater,H3,2023-06-07T12:27:00Z,TMP_FW_H3_20230607_1600,0.015153,0.9991,0.019534,0.9998,0.77575,6.103,1.596,0.90514,0.59663,0.60684,0.1239,0.12012,0.12012,0.026825,0.020302,0.0078523,0.0048499,0.62539,0.97972,0.1763,0.10206,0.56834,0.42761,2023-06-06
TMP,Freshwater,H3,2023-06-07T20:54:00Z,TMP_FW_H3_20230607_0800,0.015077,0.99843,0.019402,0.99982,0.77711,6.0611,1.5752,0.90511,0.58907,0.59572,0.13569,0.13151,0.13151,0.029523,0.022387,0.0087471,0.005413,0.67236,1.0414,0.19234,0.11192,0.60702,0.46173,2023-06-07
TMP,Freshwater,H3,2023-06-07T12:27:00Z,TMP_FW_H3_20230607_0800,0.015077,0.99843,0.019402,0.99982,0.77711,6.0611,1.5752,0.90511,0.58907,0.59572,0.13569,0.13151,0.13151,0.029523,0.022387,0.0087471,0.005413,0.67236,1.0414,0.19234,0.11192,0.60702,0.46173,2023-06-06
TMP,Freshwater,H6,2023-06-08T19:43:00Z,TMP_FW_H6_20230608,0.01455,0.99953,0.019321,0.9998,0.75304,5.7573,1.56,0.93223,0.57762,0.58394,0.25657,0.24881,0.24881,0.058611,0.044564,0.017482,0.010775,1.1408,1.9002,0.29461,0.15217,1.0201,0.83993,2023-06-07
TMP,Freshwater,H6,2023-06-17T16:34:00Z,TMP_FW_H6_20230617,0.015049,0.99929,0.019923,0.9998,0.75539,6.1078,1.5666,0.92913,0.59612,0.60498,0.29697,0.28773,0.28773,0.064566,0.048621,0.018433,0.011002,1.4155,2.3801,0.37269,0.1831,1.2745,1.0373000000000001,2023-06-14
TMP,Freshwater,H6,2023-07-10T14:25:00Z,TMP_FW_H6_20230710,0.014816,0.99949,0.019584,0.9998,0.75655,5.9481,1.5549,0.93151,0.58923,0.59024,0.39352,0.3816,0.3816,0.087398,0.066159,0.02557,0.015635,1.7121,2.8353,0.43861,0.21382,1.531,1.2528,2023-07-07
TMP,Freshwater,H6,2023-06-07T20:43:00Z,TMP_FW_H6_20230607_1600,0.014358,0.9993,0.018804,0.99985,0.76357,5.6167,1.5602,0.93219,0.57348,0.58535,0.2525,0.24485,0.24485,0.058834,0.044955,0.018058,0.01118,1.1347,1.9117,0.27882,0.15416,1.0199,0.8426,2023-06-07
TMP,Freshwater,H6,2023-06-07T12:15:00Z,TMP_FW_H6_20230607_1600,0.014358,0.9993,0.018804,0.99985,0.76357,5.6167,1.5602,0.93219,0.57348,0.58535,0.2525,0.24485,0.24485,0.058834,0.044955,0.018058,0.01118,1.1347,1.9117,0.27882,0.15416,1.0199,0.8426,2023-06-06
TMP,Freshwater,H6,2023-06-07T20:43:00Z,TMP_FW_H6_20230607_0800,0.014166,0.9996,0.018223,0.99989,0.77739,5.4398,1.5648,0.9336,0.57761,0.58266,0.28242,0.2741,0.2741,0.067524,0.051918,0.021546,0.013595,1.2438,2.078,0.30545,0.16689,1.1099,0.93747,2023-06-07
TMP,Freshwater,H6,2023-06-07T12:15:00Z,TMP_FW_H6_20230607_0800,0.014166,0.9996,0.018223,0.99989,0.77739,5.4398,1.5648,0.9336,0.57761,0.58266,0.28242,0.2741,0.2741,0.067524,0.051918,0.021546,0.013595,1.2438,2.078,0.30545,0.16689,1.1099,0.93747,2023-06-06
TMP,Freshwater,I5,2023-06-06T21:45:00Z,TMP_FW_I5_20230606,0.014001,0.99919,0.01785,0.9999,0.78436,5.2963,1.4732,0.93457,0.53639,0.54677,0.1686,0.16391,0.16391,0.041197,0.031834,0.013407,0.0085061,0.76122,1.3197,0.16582,0.093678,0.67724,0.56404,2023-06-05
TMP,Freshwater,I5,2023-06-08T19:28:00Z,TMP_FW_I5_20230608,0.014152,0.99943,0.017935,0.99984,0.78908,5.3348,1.4976,0.94257,0.54431,0.55477,0.24587,0.2388,0.2388,0.059521,0.046089,0.019285,0.012277,1.1097,1.9214,0.25137,0.11317,0.96884,0.83537,2023-06-07
TMP,Freshwater,I5,2023-06-12T14:09:00Z,TMP_FW_I5_20230612,0.014336,0.99901,0.01813,0.99985,0.79072,5.4258,1.519,0.94088,0.55609,0.5577,0.27581,0.26799,0.26799,0.06578,0.050834,0.021172,0.01375,1.2266,2.167,0.27698,0.12815,1.0764,0.94326,2023-06-08
TMP,Freshwater,I5,2023-06-14T19:36:00Z,TMP_FW_I5_20230614,0.014662,0.99951,0.018801,0.9998,0.77985,5.6636,1.5234,0.94602,0.56184,0.57106,0.30924,0.30037,0.30037,0.071296,0.054602,0.021914,0.013731,1.383,2.3987,0.29514,0.12287,1.2103,1.05,2023-06-12
TMP,Freshwater,I5,2023-06-17T16:25:00Z,TMP_FW_I5_20230617,0.014751,0.9995,0.018832,0.99982,0.78329,5.7146,1.5313,0.94755,0.56577,0.57502,0.33684,0.32689,0.32689,0.07705,0.058944,0.023634,0.014846,1.5004,2.5921,0.3285,0.13071,1.3296,1.1472,2023-06-14
TMP,Freshwater,I5,2023-06-27T14:54:00Z,TMP_FW_I5_20230627,0.014478,0.99948,0.0186,0.99979,0.7784,5.5691,1.5095,0.9364,0.57036,0.57965,0.39513,0.38361,0.38361,0.092436,0.070951,0.028669,0.017726,1.9023,2.9172,0.37402,0.14858,1.491,1.3107,2023-06-23
TMP,Freshwater,I5,2023-07-07T13:20:00Z,TMP_FW_I5_20230707,0.014626,0.99929,0.018582,0.9998,0.78711,5.6038,1.515,0.93977,0.56179,0.57246,0.44011,0.42708,0.42708,0.10231,0.078537,0.031629,0.019556,1.9257,3.3988,0.44975,0.22698,1.6903,1.4855,2023-07-05
TMP,Freshwater,I5,2023-06-07T21:04:00Z,TMP_FW_I5_20230607_1600,0.013678,0.9984,0.016433,0.99991,0.83235,5.0201,1.481,0.92362,0.53019,0.54172,0.15296,0.14868,0.14868,0.038786,0.03047,0.013933,0.0097149,0.6872,1.1805,0.16645,0.090885,0.61013,0.50895,2023-06-07
TMP,Freshwater,I5,2023-06-07T12:01:00Z,TMP_FW_I5_20230607_1600,0.013678,0.9984,0.016433,0.99991,0.83235,5.0201,1.481,0.92362,0.53019,0.54172,0.15296,0.14868,0.14868,0.038786,0.03047,0.013933,0.0097149,0.6872,1.1805,0.16645,0.090885,0.61013,0.50895,2023-06-06
TMP,Freshwater,I5,2023-06-07T21:04:00Z,TMP_FW_I5_20230607_0800,0.013969,0.99956,0.017497,0.99986,0.79835,5.2482,1.4971,0.93645,0.55777,0.56539,0.25416,0.24684,0.24684,0.06227,0.048429,0.020681,0.01311,1.1318,1.9698,0.266,0.14412,0.99396,0.87562,2023-06-07
TMP,Freshwater,I5,2023-06-07T12:01:00Z,TMP_FW_I5_20230607_0800,0.013969,0.99956,0.017497,0.99986,0.79835,5.2482,1.4971,0.93645,0.55777,0.56539,0.25416,0.24684,0.24684,0.06227,0.048429,0.020681,0.01311,1.1318,1.9698,0.266,0.14412,0.99396,0.87562,2023-06-06
TMP,Freshwater,I5,2023-06-03T20:09:00Z,TMP_FW_I5_20230603,0.015043,0.99923,0.020116,0.99956,0.74783,6.0362,1.5268,0.94858,0.56051,0.56567,0.34114,0.33055,0.33055,0.074922,0.056516,0.020905,0.011917,1.4677,2.5542,0.31367,0.1221,1.2968,1.1233,2023-05-31
TMP,Freshwater,POOL,2023-06-07T20:00:00Z,TMP_FW_POOL_20230607_1600,0.014411,0.99571,0.017958,0.99991,0.80252,5.5412,1.4818,0.86242,0.53791,0.54911,0.18524,0.17947,0.17947,0.043402,0.033429,0.01396,0.0086921,0.72561,1.2361,0.21226,0.18621,0.63816,0.51926,2023-06-07
TMP,Freshwater,POOL,2023-06-07T20:00:00Z,TMP_FW_POOL_20230607_1600,0.014411,0.99571,0.017958,0.99991,0.80252,5.5412,1.4818,0.86242,0.53791,0.54911,0.18524,0.17947,0.17947,0.043402,0.033429,0.01396,0.0086921,0.72561,1.2361,0.21226,0.18621,0.63816,0.51926,2023-06-06
TMP,Freshwater,POOL,2023-06-27T15:59:00Z,TMP_FW_POOL_20230627,0.014359,0.99908,0.018768,0.99976,0.76507,5.5853,1.54,0.90052,0.55972,0.57736,0.33442,0.32441,0.32441,0.078251,0.059876,0.023846,0.014465,1.3319,2.202,0.35924,0.20381,1.1605,1.0168,2023-06-23
TMP,Freshwater,POOL,2023-07-07T15:59:00Z,TMP_FW_POOL_20230707,0.014271,0.99944,0.018707,0.99976,0.76286,5.5573,1.5168,0.90777,0.5482,0.56199,0.42346,0.41131,0.41131,0.099483,0.076199,0.030506,0.018665,1.6511,2.8004,0.44113,0.2327,1.4249,1.2624,2023-07-05
TMP,Control,F4,2023-08-10T14:27:00Z,TMP_C_F4_20230810,0.014718,0.99955,0.019858,0.99975,0.74115,5.8289,1.5864,0.92546,0.57377,0.5871,0.60794,0.59135,0.59135,0.13825,0.1043,0.03962,0.023623,2.3578,3.6537,0.62418,0.32798,2.0191,1.7213,2023-08-07
TMP,Estuarine-water,E3,2023-08-10T15:42:00Z,TMP_SW_E3_20230810,0.011971,0.99926,0.015465,0.99988,0.77405,4.2255,1.4605,0.94233,0.50719,0.52627,1.2795,1.2509,1.2509,0.3792,0.3028,0.14218,0.093769,2.98,5.1035,0.65882,0.33897,2.4305,2.4366,2023-08-07
TMP,Estuarine-water,H3,2023-08-10T16:03:00Z,TMP_SW_H3_20230810,0.011099,0.99922,0.014346,0.99992,0.77365,3.8324,1.2897,0.9313,0.43478,0.45709,2.2123,2.1672,2.1672,0.71241,0.57727,0.28767,0.19867,3.9016,6.8189,0.87012,0.69392,2.8697,3.3103,2023-08-07
TMP,Estuarine-water,I5,2023-08-10T16:14:00Z,TMP_SW_I5_20230810,0.012169,0.9989,0.016631,0.99978,0.73175,4.5045,1.4924,0.9345,0.51741,0.53253,2.1749,2.1255,2.1255,0.61253,0.48282,0.21372,0.13697,6.4502,10.8034,1.4572,0.73721,4.9772,5.2135,2023-08-07
TMP,Estuarine-water,C6,2023-08-10T15:31:00Z,TMP_SW_C6_20230810,0.011139,0.99911,0.014891,0.99996,0.74803,3.9821,1.3617,0.94717,0.47413,0.48909,2.2089,2.1593,2.1593,0.69102,0.55471,0.27012,0.18415,3.9923,7.0032,0.86768,0.40766,3.22,3.2399,2023-08-07
TMP,Control,H6,2023-08-10T14:08:00Z,TMP_C_H6_20230810,0.013906,0.99954,0.018672,0.99976,0.74476,5.1801,1.5212,0.93049,0.53121,0.54068,0.60776,0.59296,0.59296,0.15301,0.11732,0.047165,0.028896,2.1563,3.4166,0.52468,0.32728,1.7741,1.6448,2023-08-07
TMP,Control,D5,2023-08-10T14:49:00Z,TMP_C_D5_20230810,0.015292,0.99822,0.019631,0.99971,0.77895,6.0302,1.6284,0.91143,0.59857,0.6138,0.30029,0.29137,0.29137,0.065746,0.049798,0.019034,0.011633,1.2563,1.8692,0.34938,0.23147,1.085,0.90415,2023-08-07
TMP,Control,B4,2023-08-10T15:01:00Z,TMP_C_B4_20230810,0.013337,0.99836,0.018023,0.99965,0.73999,4.8907,1.5913,0.92768,0.56691,0.5814,0.47472,0.4639,0.4639,0.12517,0.097065,0.039876,0.024362,1.7863,2.5816,0.39127,0.2239,1.4011,1.3975,2023-08-07
TMP,Estuarine-water,H6,2023-08-10T16:26:00Z,TMP_SW_H6_20230810,0.011413,0.99924,0.01502,0.99989,0.75982,3.9931,1.3451,0.95494,0.4551,0.46871,2.4976,2.4442,2.4442,0.77871,0.62548,0.30058,0.20167,4.6132,8.1576,0.81978,0.41211,3.5979,3.8513,2023-08-07
TMP,Control,POOL,2023-02-02T16:59:00Z,TMP_C_POOL_20230202,0.01427,0.99912,0.018625,0.99984,0.76616,5.3755,1.5427,0.9338,0.52737,0.53627,0.4156,0.40441,0.40441,0.10099,0.077313,0.031232,0.019465,1.3973,2.1999,0.29702,0.17434,1.157,1.0718,2023-01-30
TMP,Control,C6,2023-05-15T19:02:00Z,TMP_C_C6_20230515,0.015103,0.9993,0.018274,0.99992,0.82646,5.6426,1.58,0.92087,0.58918,0.6015,0.25864,0.25069,0.25069,0.059792,0.045837,0.019085,0.012252,1.0414,1.645,0.26483,0.15761,0.91655,0.79104,2023-05-12
TMP,Control,F6,2023-05-15T16:50:00Z,TMP_C_F6_20230515,0.014576,0.99916,0.018008,0.99991,0.80942,5.4442,1.5684,0.92799,0.53624,0.54452,0.47991,0.46604,0.46604,0.11445,0.088149,0.037074,0.023821,1.7604,2.7128,0.43129,0.2461,1.5061,1.2968,2023-05-12
TMP,Control,H6,2023-05-15T16:32:00Z,TMP_C_H6_20230515,0.013742,0.99982,0.018259,0.9998,0.75261,5.0645,1.5523,0.9313,0.53943,0.54837,0.51593,0.50239,0.50239,0.13225,0.10187,0.041769,0.025659,1.7891,2.8451,0.44967,0.25505,1.4485,1.402,2023-05-12
TMP,Control,H6,2023-05-15T16:32:00Z,TMP_C_H6_20230515,0.013742,0.99982,0.018259,0.9998,0.75261,5.0645,1.5523,0.9313,0.53943,0.54837,0.51593,0.50239,0.50239,0.13225,0.10187,0.041769,0.025659,1.7891,2.8451,0.44967,0.25505,1.4485,1.402,2023-05-12
TMP,Control,POOL,2023-04-17T15:59:00Z,TMP_C_POOL_20230417,0.014173,0.99981,0.016444,0.99991,0.86187,4.9869,1.5617,0.91977,0.53908,0.54346,0.43209,0.42021,0.42021,0.11048,0.086645,0.039756,0.027443,1.5552,2.4345,0.43625,0.28684,1.3103,1.1817,2023-04-14
TMP,Freshwater,POOL,2023-02-02T16:59:00Z,TMP_FW_POOL_20230202,0.0145,0.99917,0.018735,0.99985,0.77397,5.6836,1.5134,0.9245,0.54998,0.56043,0.32812,0.31836,0.31836,0.075527,0.057731,0.023211,0.014325,1.2329,2.1047,0.31633,0.21473,1.0825,0.9384,2023-01-30
TMP,Freshwater,POOL,2023-04-17T15:59:00Z,TMP_FW_POOL_20230417,0.014883,0.99985,0.018731,0.99982,0.79455,5.7049,1.553,0.93081,0.57096,0.57227,0.35676,0.34607,0.34607,0.081754,0.062536,0.025117,0.015537,1.4816,2.5041,0.38669,0.20542,1.2993,1.1288,2023-04-14
TMP,Freshwater,C3,2023-05-15T20:55:00Z,TMP_FW_C3_20230515,0.013817,0.99945,0.017019,0.99993,0.8119,5.0939,1.4962,0.93355,0.53299,0.54041,0.27626,0.26833,0.26833,0.069496,0.054233,0.023852,0.015868,1.0061,1.6818,0.22986,0.12946,0.87453,0.76517,2023-05-12
TMP,Freshwater,D5,2023-05-15T20:37:00Z,TMP_FW_D5_20230515,0.014209,0.9993,0.015306,0.99988,0.92838,5.0541,1.5141,0.90214,0.56166,0.57545,0.37246,0.35994,0.35994,0.092718,0.073694,0.035987,0.025516,1.3082,2.2865,0.44582,0.25704,1.1376,1.011,2023-05-12
TMP,Freshwater,D5,2023-05-15T20:37:00Z,TMP_FW_D5_20230515,0.014209,0.9993,0.015306,0.99988,0.92838,5.0541,1.5141,0.90214,0.56166,0.57545,0.37246,0.35994,0.35994,0.092718,0.073694,0.035987,0.025516,1.3082,2.2865,0.44582,0.25704,1.1376,1.011,2023-05-12
TMP,Freshwater,E3,2023-05-15T17:17:00Z,TMP_FW_E3_20230515,0.015451,0.99904,0.016904,0.9999,0.91404,5.8433,1.5724,0.90569,0.58763,0.59382,0.211,0.20349,0.20349,0.046381,0.03611,0.016422,0.011706,0.91292,1.4793,0.30129,0.21129,0.83869,0.62546,2023-05-12
TMP,Freshwater,F6,2023-05-15T21:46:00Z,TMP_FW_F6_20230515,0.014355,0.99987,0.018229,0.99975,0.7875,5.3896,1.5207,0.93466,0.54102,0.55444,0.38866,0.37784,0.37784,0.093535,0.072112,0.029469,0.018208,1.4761,2.4942,0.35828,0.21546,1.2469,1.1665,2023-05-12
TMP,Freshwater,F6,2023-05-15T21:46:00Z,TMP_FW_F6_20230515,0.014355,0.99987,0.018229,0.99975,0.7875,5.3896,1.5207,0.93466,0.54102,0.55444,0.38866,0.37784,0.37784,0.093535,0.072112,0.029469,0.018208,1.4761,2.4942,0.35828,0.21546,1.2469,1.1665,2023-05-12
TMP,Freshwater,H3,2023-05-15T21:15:00Z,TMP_FW_H3_20230515,0.015894,0.9984,0.015959,0.99971,0.99593,5.7709,1.614,0.8996,0.63198,0.63933,0.23484,0.22646,0.22646,0.051933,0.040694,0.019566,0.014155,1.0267,1.6754,0.36719,0.24271,0.93269,0.70854,2023-05-12
TMP,Freshwater,H6,2023-05-15T21:34:00Z,TMP_FW_H6_20230515,0.014973,0.99906,0.018562,0.99992,0.80662,5.7998,1.5494,0.93287,0.58007,0.58903,0.37306,0.36073,0.36073,0.084173,0.064323,0.026593,0.016898,1.4995,2.5183,0.39227,0.20214,1.3479,1.1014,2023-05-12
TMP,Freshwater,I5,2023-05-15T21:26:00Z,TMP_FW_I5_20230515,0.014754,0.99937,0.018048,0.99992,0.81745,5.6427,1.5334,0.94679,0.56459,0.57405,0.37222,0.36064,0.36064,0.085722,0.065965,0.027783,0.018082,1.5364,2.7037,0.34988,0.14222,1.3538,1.1698,2023-05-12
TMP,Freshwater,I5,2023-05-15T21:26:00Z,TMP_FW_I5_20230515,0.014754,0.99937,0.018048,0.99992,0.81745,5.6427,1.5334,0.94679,0.56459,0.57405,0.37222,0.36064,0.36064,0.085722,0.065965,0.027783,0.018082,1.5364,2.7037,0.34988,0.14222,1.3538,1.1698,2023-05-12
TMP,Estuarine-water,POOL,2023-02-02T16:59:00Z,TMP_SW_POOL_20230202,0.012305,0.9998,0.016288,0.99989,0.75547,4.4791,1.4078,0.95032,0.47173,0.48516,2.6639,2.5988,2.5988,0.75317,0.59473,0.27013,0.18035,6.0085,10.5528,1.0669,0.5058,4.7487,4.8751,2023-01-30
TMP,Estuarine-water,POOL,2023-04-17T15:59:00Z,TMP_SW_POOL_20230417,0.011922,0.99963,0.015364,0.99992,0.77596,4.2263,1.367,0.94864,0.45559,0.47272,2.3881,2.3313,2.3313,0.70696,0.56504,0.26992,0.18603,4.8297,8.5524,0.85195,0.40393,3.8024,3.9536,2023-04-14
TMP,Estuarine-water,B4,2023-05-15T19:11:00Z,TMP_SW_B4_20230515,0.011704,0.99859,0.016569,0.99994,0.70637,4.5417,1.3319,0.94756,0.45151,0.47134,2.6111,2.5438,2.5438,0.73728,0.57492,0.26279,0.17934,3.4855,6.0809,0.65238,0.33572,2.7093,2.7884,2023-05-12
TMP,Estuarine-water,F6,2023-05-15T19:59:00Z,TMP_SW_F6_20230515,0.012535,0.99932,0.016076,0.99983,0.77971,4.443,1.4061,0.95423,0.483,0.49682,1.9447,1.8943,1.8943,0.5513,0.43771,0.19996,0.1341,5.1236,9.2455,0.9753,0.43816,4.1387,4.1231,2023-05-12
TMP,Estuarine-water,H6,2023-05-15T20:15:00Z,TMP_SW_H6_20230515,0.011835,0.99821,0.01316,0.99995,0.89933,3.9147,1.3887,0.92677,0.48643,0.50237,0.97083,0.94342,0.94342,0.30235,0.24799,0.13299,0.098954,1.9927,3.453,0.50839,0.34066,1.5976,1.6185,2023-05-12
TMP,Estuarine-water,B4,2023-06-08T18:15:00Z,TMP_SW_B4_20230608,0.01563,0.99821,0.017322,0.99961,0.9023,6.1775,1.7052,0.74583,0.83141,0.8602,0.079034,0.076645,0.076645,0.016796,0.012794,0.0056069,0.003767,0.31811,0.46677,0.21051,0.18492,0.30352,0.19973,2023-06-07
TMP,Estuarine-water,B4,2023-06-14T16:14:00Z,TMP_SW_B4_20230614,0.014959,0.99429,0.016518,0.99876,0.90561,5.71,1.6697,0.77519,0.76368,0.77844,0.09211,0.089553,0.089553,0.020674,0.016132,0.0075797,0.0059466,0.37991,0.57596,0.22563,0.19197,0.34668,0.25347,2023-06-12
TMP,Estuarine-water,B4,2023-06-17T15:33:00Z,TMP_SW_B4_20230617,0.015383,0.99579,0.017385,0.99937,0.88484,6.1375,1.7116,0.79804,0.80153,0.82512,0.085363,0.082924,0.082924,0.018125,0.013908,0.0060932,0.0043874,0.40807,0.61209,0.21673,0.17967,0.37017,0.27366,2023-06-14
TMP,Estuarine-water,B4,2023-06-27T18:31:00Z,TMP_SW_B4_20230627,0.014714,0.99722,0.018455,0.99995,0.7973,6.2102,1.6585,0.84327,0.7238,0.73224,0.11241,0.10921,0.10921,0.023796,0.018101,0.0075175,0.0049328,0.49778,0.76435,0.23248,0.18383,0.46227,0.34796,2023-06-23
TMP,Estuarine-water,B4,2023-07-07T14:20:00Z,TMP_SW_B4_20230707,0.014721,0.99803,0.01993,0.99987,0.73863,6.3731,1.6393,0.86301,0.72486,0.73138,0.13996,0.136,0.136,0.029267,0.021962,0.0083332,0.0053001,0.61097,0.95853,0.25887,0.20617,0.5568,0.43782,2023-07-05
TMP,Estuarine-water,B4,2023-06-07T21:23:00Z,TMP_SW_B4_20230607_1600,0.015938,0.99971,0.014617,0.99955,1.0904,5.5662,1.6922,0.74503,0.8244,0.84933,0.075918,0.0736,0.0736,0.017096,0.013639,0.006983,0.0054897,0.32054,0.46777,0.19111,0.15697,0.30073,0.20509,2023-06-07
TMP,Estuarine-water,B4,2023-06-07T13:02:00Z,TMP_SW_B4_20230607_1600,0.015938,0.99971,0.014617,0.99955,1.0904,5.5662,1.6922,0.74503,0.8244,0.84933,0.075918,0.0736,0.0736,0.017096,0.013639,0.006983,0.0054897,0.32054,0.46777,0.19111,0.15697,0.30073,0.20509,2023-06-06
TMP,Estuarine-water,B4,2023-06-07T21:23:00Z,TMP_SW_B4_20230607_0800,0.015525,0.99719,0.01479,0.99667,1.0496,5.5173,1.6999,0.73638,0.82946,0.85162,0.083569,0.081079,0.081079,0.019001,0.015147,0.0077471,0.0061853,0.3378,0.50399,0.23459,0.1812,0.31077,0.22469,2023-06-07
TMP,Estuarine-water,B4,2023-06-07T13:02:00Z,TMP_SW_B4_20230607_0800,0.015525,0.99719,0.01479,0.99667,1.0496,5.5173,1.6999,0.73638,0.82946,0.85162,0.083569,0.081079,0.081079,0.019001,0.015147,0.0077471,0.0061853,0.3378,0.50399,0.23459,0.1812,0.31077,0.22469,2023-06-06
TMP,Estuarine-water,B4,2023-06-03T19:06:00Z,TMP_SW_B4_20230603,0.011773,0.9985,0.017654,0.99997,0.66686,4.7275,1.3373,0.94996,0.45454,0.46731,3.4846,3.3963,3.3963,0.95781,0.73709,0.31669,0.206,4.5321,7.9526,0.82756,0.34943,3.5281,3.7092,2023-05-31
TMP,Estuarine-water,C6,2023-06-27T18:21:00Z,TMP_SW_C6_20230627,0.015505,0.99264,0.016966,0.99989,0.9139,6.017,1.7054,0.81864,0.76843,0.78391,0.065556,0.063399,0.063399,0.014094,0.010895,0.0050383,0.0035733,0.35007,0.53068,0.17311000000000001,0.14729,0.32531,0.23537,2023-06-23
TMP,Estuarine-water,C3,2023-06-06T20:19:00Z,TMP_SW_C3_20230606,0.015023,0.99875,0.019442,0.99972,0.77272,5.9808,1.6593,0.81851,0.74882,0.75893,0.23758,0.2311,0.2311,0.052333,0.039724,0.015221,0.0090956,1.138,1.8278,0.40613,0.2346,0.92135,0.85673,2023-06-05
TMP,Estuarine-water,C3,2023-06-08T18:05:00Z,TMP_SW_C3_20230608,0.016022,0.99815,0.019044,0.99985,0.84135,6.5007,1.7758,0.73619,0.86777,0.89207,0.11882,0.11523,0.11523,0.024045,0.018279,0.0074096,0.0049131,0.66187,0.9815,0.33635,0.21291,0.56069,0.43952,2023-06-07
TMP,Estuarine-water,C3,2023-06-14T16:01:00Z,TMP_SW_C3_20230614,0.015347,0.99632,0.019873,0.99947,0.77225,6.4914,1.7834,0.77721,0.85689,0.88384,0.11128,0.10794,0.10794,0.022754,0.017143,0.0066991,0.004454,0.68516,0.99743,0.30774,0.2253,0.57049,0.45807,2023-06-12
TMP,Estuarine-water,C3,2023-06-17T14:48:00Z,TMP_SW_C3_20230617,0.0158,0.99115,0.020108,0.99979,0.78575,6.9367,1.8059,0.74837,0.88755,0.90847,0.11293,0.10921,0.10921,0.021642,0.01628,0.0062374,0.0041831,0.75157,1.0779,0.35159,0.23874,0.61426,0.48511,2023-06-14
TMP,Estuarine-water,C3,2023-06-27T18:42:00Z,TMP_SW_C3_20230627,0.015754,0.99788,0.020066,0.99986,0.78514,6.9128,1.7572,0.79444,0.82898,0.85396,0.13172,0.12731,0.12731,0.02537,0.019054,0.0072421,0.0046963,0.76332,1.0777,0.33229,0.21496,0.6538,0.4883,2023-06-23
TMP,Estuarine-water,C3,2023-07-07T14:31:00Z,TMP_SW_C3_20230707,0.014441,0.99694,0.021155,0.9999,0.68264,6.5606,1.7906,0.81294,0.86724,0.89566,0.15792,0.15321,0.15321,0.032679,0.024071,0.0086543,0.005492,0.86242,1.2161,0.36293,0.22334,0.70674,0.55909,2023-07-05
TMP,Estuarine-water,C3,2023-06-07T21:33:00Z,TMP_SW_C3_20230607_1600,0.01606,0.99817,0.017769,0.99984,0.90382,6.2305,1.7544,0.73598,0.86297,0.88238,0.12199,0.11823,0.11823,0.025252,0.019579,0.0084331,0.0057185,0.70735,1.0568,0.33904,0.19523,0.58987,0.47194,2023-06-07
TMP,Estuarine-water,C3,2023-06-07T12:51:00Z,TMP_SW_C3_20230607_1600,0.01606,0.99817,0.017769,0.99984,0.90382,6.2305,1.7544,0.73598,0.86297,0.88238,0.12199,0.11823,0.11823,0.025252,0.019579,0.0084331,0.0057185,0.70735,1.0568,0.33904,0.19523,0.58987,0.47194,2023-06-06
TMP,Estuarine-water,C3,2023-06-07T21:33:00Z,TMP_SW_C3_20230607_0800,0.01602,0.99891,0.019446,0.99987,0.82383,6.5352,1.7312,0.75332,0.83364,0.85045,0.12964,0.12588,0.12588,0.026247,0.019837,0.0076813,0.0048172,0.74755,1.1346,0.35228,0.22395,0.62519,0.51535,2023-06-07
TMP,Estuarine-water,C3,2023-06-07T12:51:00Z,TMP_SW_C3_20230607_0800,0.01602,0.99891,0.019446,0.99987,0.82383,6.5352,1.7312,0.75332,0.83364,0.85045,0.12964,0.12588,0.12588,0.026247,0.019837,0.0076813,0.0048172,0.74755,1.1346,0.35228,0.22395,0.62519,0.51535,2023-06-06
TMP,Estuarine-water,D5,2023-06-06T21:48:00Z,TMP_SW_D5_20230606,0.014747,0.99894,0.016819,0.99995,0.87678,5.4364,1.6687,0.81397,0.78633,0.79759,0.1055,0.10264,0.10264,0.024886,0.019406,0.0086733,0.0057297,0.47272,0.75014,0.20054,0.14682,0.39561,0.35082,2023-06-05
TMP,Estuarine-water,D5,2023-06-08T18:35:00Z,TMP_SW_D5_20230608,0.015931,0.99568,0.015505,0.99314,1.0275,5.7437,1.802,0.70996,0.93057,0.96713,0.055111,0.053397,0.053397,0.012113,0.0095951,0.0047973,0.0041579,0.29244,0.40993,0.16738,0.12265,0.25776,0.18022,2023-06-07
TMP,Estuarine-water,D5,2023-06-14T16:28:00Z,TMP_SW_D5_20230614,0.016209,0.99668,0.014393,0.99953,1.1262,5.744,1.7622,0.71868,0.91066,0.94468,0.068452,0.066073,0.066073,0.014989,0.011917,0.0062103,0.0048517,0.39611,0.56011,0.28927,0.23408,0.34341,0.24861,2023-06-12
TMP,Estuarine-water,D5,2023-06-17T15:22:00Z,TMP_SW_D5_20230617,0.015881,0.99,0.018831,0.99992,0.84337,6.5891,1.7894,0.77411,0.89107,0.91318,0.05896,0.057061,0.057061,0.011761,0.008948,0.0036716,0.0024493,0.37669,0.54591,0.18264,0.14351,0.32922,0.24369,2023-06-14
TMP,Estuarine-water,D5,2023-06-27T18:12:00Z,TMP_SW_D5_20230627,0.015006,0.98853,0.015627,0.99822,0.96027,5.6251,1.7784,0.80531,0.84638,0.88152,0.059991,0.058116,0.058116,0.013448,0.010664999999999999,0.0052553,0.0041003,0.33683,0.47128,0.1571,0.12984,0.31831,0.21316,2023-06-23
TMP,Estuarine-water,D5,2023-06-07T21:11:00Z,TMP_SW_D5_20230607_1600,0.015088,0.99285,0.014036,0.99734,1.0749,5.242,1.7863,0.68206,0.90378,0.92405,0.058293,0.056433,0.056433,0.013677,0.01112,0.0059424,0.0048249,0.30023,0.42619,0.19347,0.15192,0.26462,0.18945,2023-06-07
TMP,Estuarine-water,D5,2023-06-07T13:25:00Z,TMP_SW_D5_20230607_1600,0.015088,0.99285,0.014036,0.99734,1.0749,5.242,1.7863,0.68206,0.90378,0.92405,0.058293,0.056433,0.056433,0.013677,0.01112,0.0059424,0.0048249,0.30023,0.42619,0.19347,0.15192,0.26462,0.18945,2023-06-06
TMP,Estuarine-water,D5,2023-06-07T21:11:00Z,TMP_SW_D5_20230607_0800,0.016731,0.9957,0.016744,0.99947,0.99922,6.1981,1.7515,0.73211,0.85968,0.88513,0.06949,0.067257,0.067257,0.01448,0.011211,0.0051021,0.0036165,0.35397,0.51982,0.1906,0.13852,0.30334,0.23511,2023-06-07
TMP,Estuarine-water,D5,2023-06-07T13:25:00Z,TMP_SW_D5_20230607_0800,0.016731,0.9957,0.016744,0.99947,0.99922,6.1981,1.7515,0.73211,0.85968,0.88513,0.06949,0.067257,0.067257,0.01448,0.011211,0.0051021,0.0036165,0.35397,0.51982,0.1906,0.13852,0.30334,0.23511,2023-06-06
TMP,Estuarine-water,E3,2023-06-06T20:58:00Z,TMP_SW_E3_20230606,0.015357,0.99824,0.014173,0.99722,1.0836,4.9896,1.7074,0.73825,0.84533,0.86388,0.075511,0.073496,0.073496,0.018952,0.015134,0.0080004,0.0060331,0.35738,0.52823,0.18449,0.18121,0.31362,0.24245,2023-06-05
TMP,Estuarine-water,E3,2023-06-08T17:30:00Z,TMP_SW_E3_20230608,0.015157,0.99251,0.01377,0.99845,1.1007,5.018,1.7857,0.67527,0.9208,0.96805,0.057803,0.055974,0.055974,0.014312,0.011519,0.0061933,0.0052263,0.27565,0.36964,0.18512,0.18825,0.25117,0.16857,2023-06-07
TMP,Estuarine-water,E3,2023-06-12T12:55:00Z,TMP_SW_E3_20230612,0.017259,0.99992,0.017732,0.99961,0.97333,6.771,1.7934,0.70317,0.93546,0.98731,0.051205,0.049363,0.049363,0.0097173,0.0075623,0.0032634,0.0024487,0.29943,0.40754,0.16741,0.13295,0.27245,0.18396,2023-06-08
TMP,Estuarine-water,E3,2023-06-14T16:57:00Z,TMP_SW_E3_20230614,0.014851,0.9945,0.014635,0.99982,1.0148,5.226,1.7673,0.77373,0.87538,0.91026,0.055169,0.053542,0.053542,0.013154,0.010557,0.0055067,0.0041648,0.30267,0.42365,0.14264,0.12089,0.26141,0.19719,2023-06-12
TMP,Estuarine-water,E3,2023-06-17T14:57:00Z,TMP_SW_E3_20230617,0.014931,0.98904,0.016142,0.99985,0.92494,5.6035,1.7225,0.75163,0.78312,0.80924,0.066745,0.064689,0.064689,0.015115,0.011911,0.0057626,0.0043491,0.33924,0.49216,0.16054,0.11135,0.30726,0.212,2023-06-14
TMP,Estuarine-water,E3,2023-06-27T17:39:00Z,TMP_SW_E3_20230627,0.015389,0.99194,0.01645,0.99962,0.93551,5.7781,1.7203,0.75206,0.83583,0.8693,0.060385,0.058493,0.058493,0.013303,0.010451,0.0049172,0.0037351,0.31126,0.41778,0.15979,0.19865,0.28841,0.19843,2023-06-23
TMP,Estuarine-water,E3,2023-07-07T14:38:00Z,TMP_SW_E3_20230707,0.016085,0.99394,0.019051,0.99981,0.84434,6.7265,1.7482,0.81561,0.82726,0.84635,0.069047,0.066672,0.066672,0.01352,0.010265,0.0040558,0.0026821,0.4072,0.55736,0.17139,0.13816,0.35749,0.26543,2023-07-05
TMP,Estuarine-water,E3,2023-06-07T21:03:00Z,TMP_SW_E3_20230607_1600,0.014761,0.99626,0.013702,0.99971,1.0773,5.0426,1.7532,0.66596,0.91736,0.95595,0.056608,0.054881,0.054881,0.013864,0.011226,0.0059669,0.0047578,0.2692,0.36979,0.17568,0.17509,0.24353,0.16901,2023-06-07
TMP,Estuarine-water,E3,2023-06-07T12:32:00Z,TMP_SW_E3_20230607_1600,0.014761,0.99626,0.013702,0.99971,1.0773,5.0426,1.7532,0.66596,0.91736,0.95595,0.056608,0.054881,0.054881,0.013864,0.011226,0.0059669,0.0047578,0.2692,0.36979,0.17568,0.17509,0.24353,0.16901,2023-06-06
TMP,Estuarine-water,E3,2023-06-07T21:03:00Z,TMP_SW_E3_20230607_0800,0.015553,0.99648,0.012465,0.9993,1.2477,4.8664,1.7214,0.69347,0.88493,0.91422,0.070936,0.068867,0.068867,0.017736,0.014577,0.0082035,0.0064262,0.33055,0.45994,0.19294,0.19402,0.29,0.21368,2023-06-07
TMP,Estuarine-water,E3,2023-06-07T12:32:00Z,TMP_SW_E3_20230607_0800,0.015553,0.99648,0.012465,0.9993,1.2477,4.8664,1.7214,0.69347,0.88493,0.91422,0.070936,0.068867,0.068867,0.017736,0.014577,0.0082035,0.0064262,0.33055,0.45994,0.19294,0.19402,0.29,0.21368,2023-06-06
TMP,Estuarine-water,F4,2023-06-27T17:55:00Z,TMP_SW_F4_20230627,0.012614,0.99676,0.01797,0.99988,0.70199,5.6229,1.6188,0.87712,0.63374,0.65594,0.13662,0.13271,0.13271,0.032056,0.024297,0.010389,0.0067877,0.80491,1.0081,0.24716,0.20368,0.70766,0.45643,2023-06-23
TMP,Estuarine-water,F6,2023-06-14T16:42:00Z,TMP_SW_F6_20230614,0.0161,0.99121,0.018062,0.99996,0.89137,6.3226,1.7497,0.81669,0.81639,0.83487,0.060118,0.058209,0.058209,0.012428,0.0095084,0.0040339,0.0028135,0.37317,0.56482,0.15978,0.11883,0.32315,0.25472,2023-06-12
TMP,Estuarine-water,F6,2023-06-27T18:02:00Z,TMP_SW_F6_20230627,0.015671,0.99264,0.016925,0.99954,0.92587,5.9068,1.7273,0.83534,0.78834,0.79355,0.067333,0.065446,0.065446,0.014688,0.011399,0.0052462,0.0039982,0.38025,0.55768,0.15452,0.13485,0.34901,0.25653,2023-06-23
TMP,Estuarine-water,F6,2023-07-07T14:50:00Z,TMP_SW_F6_20230707,0.015326,0.99546,0.01863,0.99974,0.82265,6.1327,1.7848,0.87828,0.67179,0.72794,0.086661,0.084045,0.084045,0.018434,0.014131,0.0058874,0.004116,0.98897,0.77758,0.19578,0.11216,0.7125,0.36878,2023-07-05
TMP,Estuarine-water,H3,2023-06-27T17:29:00Z,TMP_SW_H3_20230627,0.015192,0.99367,0.018027,0.99973,0.84277,5.9849,1.6873,0.8193,0.70335,0.71236,0.067835,0.06581,0.06581,0.014759,0.011335,0.0048805,0.0034025,0.3437,0.49781,0.18103,0.19081,0.3292,0.23463,2023-06-23
TMP,Estuarine-water,H6,2023-06-08T17:49:00Z,TMP_SW_H6_20230608,0.017315,0.99799,0.01714,0.9987,1.0102,6.1671,1.6417,0.80727,0.72652,0.73997,0.067982,0.065836,0.065836,0.014122,0.011023,0.0050202,0.0038828,0.28461,0.43245,0.17498,0.1465,0.27449,0.18405,2023-06-07
TMP,Estuarine-water,H6,2023-06-12T15:59:00Z,TMP_SW_H6_20230612,0.016231,0.99668,0.017336,0.99972,0.93626,6.2813,1.6921,0.75059,0.79613,0.8178,0.068303,0.066259,0.066259,0.014227,0.010874,0.0049306,0.003552,0.32088,0.46102,0.20914,0.18842,0.30243,0.20956,2023-06-08
TMP,Estuarine-water,H6,2023-06-14T17:18:00Z,TMP_SW_H6_20230614,0.016356,0.99978,0.018329,0.99973,0.89238,6.2649,1.6672,0.83018,0.68004,0.68803,0.051373,0.049755,0.049755,0.010657,0.0082002,0.0034937,0.0024782,0.27732,0.45972,0.15291,0.129,0.26884,0.17703,2023-06-12
TMP,Estuarine-water,H6,2023-06-27T17:17:00Z,TMP_SW_H6_20230627,0.014888,0.99649,0.018166,0.99992,0.81956,5.8475,1.6242,0.87178,0.65367,0.66326,0.098616,0.095711,0.095711,0.021983,0.016865,0.0069767,0.0045997,0.45958,0.69998,0.1762,0.12492,0.41836,0.32761,2023-06-23
TMP,Estuarine-water,I5,2023-06-07T20:45:00Z,TMP_SW_I5_20230607_1600,0.015203,0.99711,0.018925,0.99968,0.8033,5.9527,1.7465,0.71323,0.82026,0.83299,0.26099,0.25382,0.25382,0.057375,0.043844,0.017175,0.010343,1.7728,2.6332,0.73482,0.42168,1.3411,1.2374,2023-06-07
TMP,Estuarine-water,POOL,2023-06-07T12:00:00Z,TMP_SW_POOL_20230607_0800,0.015377,0.98304,0.02033,0.99961,0.75634,7.6527,1.7805,0.61355,0.89851,0.93513,0.098903,0.095253,0.095253,0.017564,0.012924,0.0049563,0.0030385,0.49369,0.73609,0.28832,0.27679,0.44268,0.31647,2023-06-07
TMP,Estuarine-water,POOL,2023-06-07T12:00:00Z,TMP_SW_POOL_20230607_0800,0.015377,0.98304,0.02033,0.99961,0.75634,7.6527,1.7805,0.61355,0.89851,0.93513,0.098903,0.095253,0.095253,0.017564,0.012924,0.0049563,0.0030385,0.49369,0.73609,0.28832,0.27679,0.44268,0.31647,2023-06-06
TMP,Estuarine-water,POOL,2023-06-17T15:59:00Z,TMP_SW_POOL_20230617,0.016535,0.99383,0.018522,0.99994,0.89276,6.9519,1.781,0.67311,0.88539,0.92088,0.070559,0.06775,0.06775,0.013358,0.01015,0.0041839,0.0028917,0.3912,0.56414,0.24657,0.23043,0.34467,0.24668,2023-06-14
TMP,Estuarine-water,POOL,2023-06-27T15:59:00Z,TMP_SW_POOL_20230627,0.013248,0.99614,0.014657,0.99988,0.90384,4.8457,1.7465,0.68492,0.90976,0.9489,0.12097,0.11738,0.11738,0.030998,0.024964,0.012411,0.0088527,0.55506,0.7419,0.28872,0.42621,0.48086,0.33976,2023-06-23
TMP,Estuarine-water,POOL,2023-06-14T15:59:00Z,TMP_SW_POOL_20230614,0.015695,0.9952,0.016005,0.99947,0.98062,5.9621,1.8166,0.71907,0.85136,0.87349,0.095822,0.092676,0.092676,0.020478,0.016072,0.0078343,0.0058038,0.62177,0.92776,0.33783,0.26322,0.51147,0.38072,2023-06-12
TMP,Estuarine-water,POOL,2023-07-07T15:59:00Z,TMP_SW_POOL_20230707,0.014847,0.99798,0.018232,0.99993,0.81433,6.0212,1.7418,0.78685,0.78417,0.81,0.16305,0.15809,0.15809,0.035389,0.027078,0.011382,0.007631,0.81918,1.145,0.33373,0.2556,0.68407,0.52297,2023-07-05
TMP,Control,I5,2023-10-02T16:18:00Z,TMP_C_I5_20231002,0.015048,0.99856,0.01996,0.99969,0.75393,5.8865,1.5697,0.92959,0.56563,0.5789,0.42319,0.41124,0.41124,0.095203,0.071892,0.027065,0.01634,1.5417,2.3798,0.32649,0.17887,1.3111,1.1332,2023-09-29
TMP,Freshwater,H3,2023-10-02T13:51:00Z,TMP_FW_H3_20231002,0.015904,0.99833,0.020257,0.99944,0.78509,6.3932,1.6854,0.89064,0.73447,0.73917,0.23574,0.22776,0.22776,0.04874,0.036873,0.013686,0.0081939,0.99269,1.571,0.36941,0.21549,0.88816,0.69067,2023-09-29
TMP,Freshwater,I5,2023-10-05T14:37:00Z,TMP_FW_I5_20231005,0.014891,0.99976,0.019411,0.99967,0.76716,5.8428,1.514,0.937,0.55974,0.56828,0.54591,0.52933,0.52933,0.12279,0.093431,0.036224,0.021601,2.2267,3.998,0.51779,0.24405,1.9623,1.7201,2023-10-02
TMP,Estuarine-water,C3,2023-10-02T15:38:00Z,TMP_SW_C3_20231002,0.015646,0.9984,0.020765,0.99983,0.75345,7.1466,1.7028,0.8731,0.76336,0.7744,0.25977,0.25064,0.25064,0.048965,0.036349,0.013202,0.0076627,1.281,1.9391,0.49997,0.35591,1.1211,0.89635,2023-09-29
TMP,Estuarine-water,D5,2023-10-02T15:23:00Z,TMP_SW_D5_20231002,0.012395,0.99935,0.01702,0.99992,0.72828,4.6949,1.4453,0.93766,0.51535,0.52922,0.96352,0.9395,0.9395,0.26324,0.20523,0.090023,0.058088,2.4111,4.1575,0.52259,0.28208,2.0076,1.8915,2023-09-29
TMP,Estuarine-water,F6,2023-10-02T15:16:00Z,TMP_SW_F6_20231002,0.013035,0.99963,0.017448,0.99973,0.74708,4.8283,1.4329,0.95023,0.52021,0.5425,1.2386,1.2071,1.2071,0.32888,0.25653,0.10883,0.067853,3.7073,6.6195,0.78237,0.29757,3.0734,2.9977,2023-09-29
TMP,Estuarine-water,H3,2023-10-02T14:55:00Z,TMP_SW_H3_20231002,0.011112,0.99964,0.014831,0.99993,0.74919,3.8925,1.2718,0.94145,0.4339,0.45108,2.8913,2.8359,2.8359,0.9232,0.74281,0.36148,0.24711,4.4385,7.7075,0.7758,0.4412,3.2656,3.7299,2023-09-29
