"","Project","Treatment","Sample Type","Grid","Depth","Analyte","Collection_Date","Collection_Time","evacuation_date","collection_date","time","tz","elapsed_time","Volume_mL","Plate","Fe_2_uM","Fe_2_sd","Fe_Total_uM","Fe_Total_sd","Fe_3_uM","Fe_3_sd","Abs1","Abs2","Fe_3_info","DF","IDs","DateTime"
"1","TMP","FW","PW","C3","15cm","FE","20230607","PM",2023-06-07,2023-06-07,"05:34 PM","EDT",0S,6,"20230608",2.18297057066031,0.507319988048998,2.77013253906347,0.422580076994691,0.587161968403156,0.470706035797486,0.042,0.044,"In Range",1.0125,"FW_C3_20230607","2023-06-07 05:34 PM"
"2","TMP","FW","PW","F4","15cm","FE","20230607","PM",2023-06-07,2023-06-07,"05:54 PM","EDT",0S,6,"20230608",2.01175007469378,0.292901331665368,2.62751176307776,0.243976721207058,0.615761688383984,0.04892461045831,0.0416666666666667,0.0436666666666667,"In Range",1.0125,"FW_F4_20230607","2023-06-07 05:54 PM"
"3","TMP","FW","PW","H3","15cm","FE","20230607","PM",2023-06-07,2023-06-07,"04:54 PM","EDT",0S,5,"20230608",1.67343083358233,0,3.20589115064287,0.422580076994691,1.53246031706053,0.422580076994691,0.041,0.045,"In Range",1.015,"FW_H3_20230607","2023-06-07 04:54 PM"
"4","TMP","FW","PW","H6","15cm","FE","20230607","PM",2023-06-07,2023-06-07,"04:43 PM","EDT",0S,6,"20230608",2.69663205855992,0.507319988048998,3.19799486702059,0.422580076994691,0.50136280846067,0.0847399110543068,0.043,0.045,"In Range",1.0125,"FW_H6_20230607","2023-06-07 04:43 PM"
"5","TMP","FW","PW","B4","15cm","FE","20230607","PM",2023-06-07,2023-06-07,"05:23 PM","EDT",0S,5,"20230608",1.67343083358233,0,2.49102652039351,0.243976721207058,0.817595686811181,0.243976721207058,0.041,0.0433333333333333,"In Range",1.015,"FW_B4_20230607","2023-06-07 05:23 PM"
"6","TMP","FW","PW","D5","15cm","FE","20230607","PM",2023-06-07,2023-06-07,"06:05 PM","EDT",0S,6,"20230608",2.18297057066031,0.507319988048998,3.05537409103488,0.487953442414116,0.872403520374572,0.703897813775423,0.042,0.0446666666666667,"In Range",1.0125,"FW_D5_20230607","2023-06-07 06:05 PM"
"7","TMP","FW","PW","E3","15cm","FE","20230607","PM",2023-06-07,2023-06-07,"05:43 PM","EDT",0S,5,"20230608",2.53164714669856,1.92068247608184,3.34886407669274,1.35840489369677,0.81721692999418,0.563581628474256,0.0426666666666667,0.0453333333333333,"In Range",1.015,"FW_E3_20230607","2023-06-07 05:43 PM"
"8","TMP","FW","PW","F6","15cm","FE","20230607","PM",2023-06-07,2023-06-07,"05:11 PM","EDT",0S,6,"20230608",2.52541156259339,1.05607076997117,2.77013253906347,0,0.562661808235307,0.544020283359796,0.0426666666666667,0.044,"In Range",1.0125,"FW_F6_20230607","2023-06-07 05:11 PM"
"9","TMP","FW","PW","I5","15cm","FE","20230607","PM",2023-06-07,2023-06-07,"05:04 PM","EDT",0S,6,"20230608",1.84052957872724,0.585802663330735,2.34227021110634,0.42258007699469,0.501740632379106,0.304913172258659,0.0413333333333333,0.043,"In Range",1.0125,"FW_I5_20230607","2023-06-07 05:04 PM"
"10","TMP","SW","PW","C3","15cm","FE","20230607","PM",2023-06-07,2023-06-07,"05:33 PM","EDT",0S,6,"20230608",13.9971847923514,0.507319988049,13.8945530659487,0.422580076994688,0.279630696484685,0.478355134486268,0.065,0.07,"In Range",1.0125,"SW_C3_20230607","2023-06-07 05:33 PM"
"11","TMP","SW","PW","C6","15cm","FE","20230607","PM",2023-06-07,2023-06-07,"05:18 PM","EDT",0S,6,"20230608",11.2576568568868,0.585802663330735,13.1814491860202,1.06346987231796,1.92379232913338,1.57308245849031,0.0596666666666667,0.0683333333333333,"In Range",1.0125,"SW_C6_20230607","2023-06-07 05:18 PM"
"12","TMP","SW","PW","F4","15cm","FE","20230607","PM",2023-06-07,2023-06-07,"04:58 PM","EDT",0S,6,"20230608",0.813206602928015,0.585802663330735,1.62916633117781,0.243976721207058,0.815959728249791,0.509673609070094,0.0393333333333333,0.0413333333333333,"In Range",1.0125,"SW_F4_20230607","2023-06-07 04:58 PM"
"13","TMP","SW","PW","H3","15cm","FE","20230607","PM",2023-06-07,2023-06-07,"04:51 PM","EDT",0S,6,"20230608",3.38151404242607,2.97262385434292,3.91109874694913,2.32738958592585,0.591261528216136,0.878725831029401,0.0443333333333333,0.0466666666666667,"In Range",1.0125,"SW_H3_20230607","2023-06-07 04:51 PM"
"14","TMP","SW","PW","H6","15cm","FE","20230607","PM",2023-06-07,2023-06-07,"04:34 PM","EDT",0S,6,"20230608",3.039073050493,0.585802663330735,4.33896107490626,0.243976721207058,1.29988802441326,0.509673609070093,0.0436666666666667,0.0476666666666667,"In Range",1.0125,"SW_H6_20230607","2023-06-07 04:34 PM"
"15","TMP","SW","PW","B4","15cm","FE","20230607","PM",2023-06-07,2023-06-07,"05:23 PM","EDT",0S,6,"20230608",5.43615999402452,0.292901331665367,5.76516883476334,0.42258007699469,0.329008840738819,0.223566079612923,0.0483333333333333,0.051,"In Range",1.0125,"SW_B4_20230607","2023-06-07 05:23 PM"
"16","TMP","SW","PW","D5","15cm","FE","20230607","PM",2023-06-07,2023-06-07,"05:11 PM","EDT",0S,6,"20230608",15.7093897520168,2.88474356552892,15.0355192738344,0.645501730002814,0.62207168841776,1.064157797817,0.0683333333333333,0.0726666666666667,"In Range",1.0125,"SW_D5_20230607","2023-06-07 05:11 PM"
"17","TMP","SW","PW","E3","15cm","FE","20230607","PM",2023-06-07,2023-06-07,"05:03 PM","EDT",0S,6,"20230608",51.8369144009561,9.52267231015288,48.1235393025187,0.73193016362117,2.32936493714345,3.98476881037228,0.138666666666667,0.15,"In Range",1.0125,"SW_E3_20230607","2023-06-07 05:03 PM"
"18","TMP","SW","PW","F6","15cm","FE","20230607","PM",2023-06-07,2023-06-07,"05:48 PM","EDT",0S,6,"20230608",1.84052957872724,0.292901331665368,2.62751176307776,0.243976721207058,0.786982184350521,0.536878052872425,0.0413333333333333,0.0436666666666667,"In Range",1.0125,"SW_F6_20230607","2023-06-07 05:48 PM"
"19","TMP","SW","PW","I5","15cm","FE","20230607","PM",2023-06-07,2023-06-07,"04:45 PM","EDT",0S,6,"20230608",6.97714445772335,0.292901331665368,7.47661814659184,0,0.499473688868485,0.292901331665368,0.0513333333333333,0.055,"In Range",1.0125,"SW_I5_20230607","2023-06-07 04:45 PM"
"20","TMP","FW","PW","C3","15cm","FE","20230607","AM",2023-06-06,2023-06-07,"09:02 AM","EDT",1d 0H 0M 0S,6,"20230607",0.745842751774343,0.240081844689378,2.2385059637723,0.258926525370923,1.49266321199796,0.250037356889029,0.0393333333333333,0.0436666666666667,"In Range",1.0125,"FW_C3_20230607","2023-06-07 09:02 AM"
"21","TMP","FW","PW","F4","15cm","FE","20230607","AM",2023-06-06,2023-06-07,"08:40 AM","EDT",1d 0H 0M 0S,6,"20230607",0.745842751774343,0.240081844689378,3.6007454270328,1.12863455789397,2.85490267525846,0.946736685922513,0.0393333333333333,0.0466666666666667,"In Range",1.0125,"FW_F4_20230607","2023-06-07 08:40 AM"
"22","TMP","FW","PW","H3","15cm","FE","20230607","AM",2023-06-06,2023-06-07,"08:27 AM","EDT",1d 0H 0M 0S,6,"20230607",0.46515483351496,0.240081844689378,2.69258578485914,0.258926525370923,2.22743095134418,0.0188446806815447,0.0386666666666667,0.0446666666666667,"In Range",1.0125,"FW_H3_20230607","2023-06-07 08:27 AM"
"23","TMP","FW","PW","H6","15cm","FE","20230607","AM",2023-06-06,2023-06-07,"08:15 AM","EDT",1d 0H 0M 0S,6,"20230607",0.324810874385268,0.240081844689378,3.29802554630824,0,2.97321467192298,0.240081844689378,0.0383333333333333,0.046,"In Range",1.0125,"FW_H6_20230607","2023-06-07 08:15 AM"
"24","TMP","FW","PW","B4","15cm","FE","20230607","AM",2023-06-06,2023-06-07,"09:34 AM","EDT",1d 0H 0M 0S,6,"20230607",1.72825046568218,0.480163689378755,3.44938548667052,0.685055193969518,1.72113502098834,0.279682335662821,0.0416666666666667,0.0463333333333333,"In Range",1.0125,"FW_B4_20230607","2023-06-07 09:34 AM"
"25","TMP","FW","PW","D5","15cm","FE","20230607","AM",2023-06-06,2023-06-07,"09:21 AM","EDT",1d 0H 0M 0S,6,"20230607",2.00893838394156,0.240081844689377,3.44938548667052,0.685055193969518,1.44044710272896,0.464889364993176,0.0423333333333333,0.0463333333333333,"In Range",1.0125,"FW_D5_20230607","2023-06-07 09:21 AM"
"26","TMP","FW","PW","E3","15cm","FE","20230607","AM",2023-06-06,2023-06-07,"08:52 AM","EDT",1d 0H 0M 0S,6,"20230607",0.184466915255577,0,2.84394572522141,0.89694779473942,2.65947880996584,0.89694779473942,0.038,0.045,"In Range",1.0125,"FW_E3_20230607","2023-06-07 08:52 AM"
"27","TMP","FW","PW","I5","15cm","FE","20230607","AM",2023-06-06,2023-06-07,"08:01 AM","EDT",1d 0H 0M 0S,6,"20230607",0.324810874385268,0.240081844689378,1.78442614268547,0.685055193969516,1.4596152683002,0.681745079251772,0.0383333333333333,0.0426666666666667,"In Range",1.0125,"FW_I5_20230607","2023-06-07 08:01 AM"
"28","TMP","SW","PW","C3","15cm","FE","20230607","AM",2023-06-06,2023-06-07,"08:51 AM","EDT",1d 0H 0M 0S,6,"20230607",6.359601116962,0.240081844689378,8.14154363790111,0.517853050741845,1.78194252093912,0.757934895431224,0.0526666666666667,0.0566666666666667,"In Range",1.0125,"SW_C3_20230607","2023-06-07 08:51 AM"
"29","TMP","SW","PW","C6","15cm","FE","20230607","AM",2023-06-06,2023-06-07,"09:14 AM","EDT",1d 0H 0M 0S,6,"20230607",0.605498792644651,0.415833952976864,1.6330662023232,0.258926525370921,1.02756740967855,0.231236131343778,0.039,0.0423333333333333,"In Range",1.0125,"SW_C6_20230607","2023-06-07 09:14 AM"
"30","TMP","SW","PW","H3","15cm","FE","20230607","AM",2023-06-06,2023-06-07,"08:43 AM","EDT",1d 0H 0M 0S,6,"20230607",1.58790650655249,0.240081844689378,2.38986590413458,0.44847389736971,0.801959397582089,0.508692568032434,0.0413333333333333,0.044,"In Range",1.0125,"SW_H3_20230607","2023-06-07 08:43 AM"
"31","TMP","SW","PW","H6","15cm","FE","20230607","AM",2023-06-06,2023-06-07,"08:10 AM","EDT",1d 0H 0M 0S,6,"20230607",1.16687462916342,0.240081844689378,2.08714602341003,0.258926525370923,0.920271394246609,0.0188446806815443,0.0403333333333333,0.0433333333333333,"In Range",1.0125,"SW_H6_20230607","2023-06-07 08:10 AM"
"32","TMP","SW","PW","B4","15cm","FE","20230607","AM",2023-06-06,2023-06-07,"09:02 AM","EDT",1d 0H 0M 0S,6,"20230607",2.9913460978494,0.240081844689378,4.35754512884418,0.258926525370923,1.36619903099478,0.250037356889029,0.0446666666666667,0.0483333333333333,"In Range",1.0125,"SW_B4_20230607","2023-06-07 09:02 AM"
"33","TMP","SW","PW","D5","15cm","FE","20230607","AM",2023-06-06,2023-06-07,"09:25 AM","EDT",1d 0H 0M 0S,6,"20230607",3.41237797523848,0.240081844689378,4.50890506920646,0.258926525370923,1.09652709396798,0.0188446806815442,0.0456666666666667,0.0486666666666667,"In Range",1.0125,"SW_D5_20230607","2023-06-07 09:25 AM"
"34","TMP","SW","PW","E3","15cm","FE","20230607","AM",2023-06-06,2023-06-07,"08:32 AM","EDT",1d 0H 0M 0S,6,"20230607",17.4467738882076,1.10019322627371,18.7367394632605,1.34542169210913,1.28996557505289,0.472466465988377,0.079,0.08,"In Range",1.0125,"SW_E3_20230607","2023-06-07 08:32 AM"
"35","TMP","SW","PW","F6","15cm","FE","20230607","AM",2023-06-06,2023-06-07,"08:17 AM","EDT",1d 0H 0M 0S,6,"20230607",1.4475625474228,0,2.08714602341003,0.258926525370923,0.639583475987226,0.258926525370923,0.041,0.0433333333333333,"In Range",1.0125,"SW_F6_20230607","2023-06-07 08:17 AM"
"36","TMP","SW","PW","I5","15cm","FE","20230607","AM",2023-06-06,2023-06-07,"07:58 AM","EDT",1d 0H 0M 0S,6,"20230607",6.49994507609169,0.720245534068135,9.35242316079933,1.57498856662656,2.85247808470764,1.06509899955244,0.053,0.0593333333333333,"In Range",1.0125,"SW_I5_20230607","2023-06-07 07:58 AM"
"37","TMP","C","PW","C6","15cm","FE","20231211","1200",2023-12-08,2023-12-11,"10:50 AM","EST",3d 0H 0M 0S,6,"20240510",4.79316879421185,0.271563089357396,4.09494153233993,0.466849895690659,0,0,0.0503333333333333,0.0526666666666667,"In Range",1.0125,"C_C6_20231211","2023-12-11 10:50 AM"
"38","TMP","C","PW","H3","15cm","FE","20231211","1200",2023-12-08,2023-12-11,"10:06 AM","EST",3d 0H 0M 0S,6,"20240510",25.4302606626881,0.979134643201506,22.2431314710301,1.21291160826668,0,0,0.0936666666666667,0.097,"In Range",1.0125,"C_H3_20231211","2023-12-11 10:06 AM"
"39","TMP","C","PW","H6","15cm","FE","20231211","1200",2023-12-08,2023-12-11,"10:23 AM","EST",3d 0H 0M 0S,6,"20240510",16.5404364731906,1.24445841293633,14.32888322709,1.23516872359393,0,0,0.075,0.0776666666666667,"In Range",1.0125,"C_H6_20231211","2023-12-11 10:23 AM"
"40","TMP","C","PW","B4","15cm","FE","20231211","1200",2023-12-08,2023-12-11,"10:43 AM","EST",3d 0H 0M 0S,6,"20240510",16.8579301942441,0.718488399704084,24.5628249218401,2.03495151711809,7.704894727596,1.73468258142849,0.0756666666666667,0.102666666666667,"In Range",1.0125,"C_B4_20231211","2023-12-11 10:43 AM"
"41","TMP","C","PW","I5","15cm","FE","20231208","1200",2023-12-05,2023-12-08,"09:49 AM","EST",3d 0H 0M 0S,6,"20240510",25.5890075232148,1.69591094947583,22.2431314710301,0.808607738844451,0,0,0.094,0.097,"In Range",1.0125,"C_I5_20231208","2023-12-08 09:49 AM"
"42","TMP","FW","PW","C6","15cm","FE","20231208","1200",2023-12-05,2023-12-08,"11:20 AM","EST",3d 0H 0M 0S,6,"20240510",7.49186542316643,0.940722136454759,11.73628466442,0.466849895690656,4.24441924125356,0.585005780725954,0.056,0.0713333333333333,"In Range",1.0125,"FW_C6_20231208","2023-12-08 11:20 AM"
"43","TMP","FW","PW","F4","15cm","FE","20231208","1200",2023-12-05,2023-12-08,"11:44 AM","EST",3d 0H 0M 0S,5,"20240510",4.32758729463812,1.43697679940817,4.51542092655001,0.841625618428843,0.640785613378303,0.562471345770184,0.0493333333333333,0.0536666666666667,"In Range",1.015,"FW_F4_20231208","2023-12-08 11:44 AM"
"44","TMP","FW","PW","H3","15cm","FE","20231208","1200",2023-12-05,2023-12-08,"11:48 AM","EST",3d 0H 0M 0S,6,"20240510",3.20570018894444,0.814689268072192,4.64075175605993,0.404303869422226,1.43505156711549,1.18223797184471,0.047,0.054,"In Range",1.0125,"FW_H3_20231208","2023-12-08 11:48 AM"
"45","TMP","FW","PW","H6","15cm","FE","20231211","1200",2023-12-08,2023-12-11,"01:25 PM","EST",3d 0H 0M 0S,6,"20240510",20.5091079863591,0.718488399704083,17.6037445694101,0.84162561842884,0,0,0.0833333333333333,0.0856666666666667,"In Range",1.0125,"FW_H6_20231211","2023-12-11 01:25 PM"
"46","TMP","FW","PW","D5","15cm","FE","20231208","1200",2023-12-05,2023-12-08,"11:26 AM","EST",3d 0H 0M 0S,6,"20240510",4.31692821263163,0.271563089357397,3.82203642047993,0,0,0,0.0493333333333333,0.052,"In Range",1.0125,"FW_D5_20231208","2023-12-08 11:26 AM"
"47","TMP","FW","PW","E3","15cm","FE","20231208","1200",2023-12-05,2023-12-08,"11:37 AM","EST",3d 0H 0M 0S,6,"20240510",2.88820646789096,0.718488399704084,3.13977364082992,0.466849895690658,0.386486575635307,0.66115001031473,0.0463333333333333,0.0503333333333333,"In Range",1.0125,"FW_E3_20231208","2023-12-08 11:37 AM"
"48","TMP","FW","PW","F6","15cm","FE","20231208","1200",2023-12-05,2023-12-08,"12:08 PM","EST",3d 0H 0M 0S,6,"20240510",7.33311856263969,1.95826928640301,6.82399265093995,0.23342494784533,0.525625859914875,0.899171056932983,0.0556666666666667,0.0593333333333333,"In Range",1.0125,"FW_F6_20231208","2023-12-08 12:08 PM"
"49","TMP","FW","PW","I5","15cm","FE","20231208","1200",2023-12-05,2023-12-08,"11:56 AM","EST",3d 0H 0M 0S,6,"20240510",3.36444704947118,1.51199929118414,4.23139408826993,0,1.16003651446388,1.01970935083475,0.0473333333333333,0.053,"In Range",1.0125,"FW_I5_20231208","2023-12-08 11:56 AM"
"50","TMP","SW","PW","C3","15cm","FE","20231208","1200",2023-12-05,2023-12-08,"10:25 AM","EST",3d 0H 0M 0S,6,"20240510",68.9269004470149,3.08436378912606,20.5138225262901,35.0923287634424,0,0,0.185,0.201333333333333,"Out of Range",1.0125,"SW_C3_20231208","2023-12-08 10:25 AM"
"51","TMP","SW","PW","H3","15cm","FE","20231208","1200",2023-12-05,2023-12-08,"12:13 PM","EST",3d 0H 0M 0S,6,"20240510",18.762892520565,3.77267500849959,24.4263723659101,3.88496539735128,5.66347984534512,0.858675300634088,0.0796666666666667,0.102333333333333,"In Range",1.0125,"SW_H3_20231208","2023-12-08 12:13 PM"
"52","TMP","SW","PW","H6","15cm","FE","20231208","1200",2023-12-05,2023-12-08,"12:17 PM","EST",3d 0H 0M 0S,5,"20240510",54.456318140971,13.6512795943776,55.8114743594949,2.92480621331147,5.11799545512898,8.73362380412807,0.154333333333333,0.178666666666667,"In Range",1.015,"SW_H6_20231208","2023-12-08 12:17 PM"
"53","TMP","SW","PW","B4","15cm","FE","20231208","1200",2023-12-05,2023-12-08,"10:31 AM","EST",3d 0H 0M 0S,6,"20240510",65.8968666051287,13.3518859433468,427.570501342883,41.4496775034651,361.673634737754,32.1595923015495,0.214666666666667,0.340333333333333,"Out of Range",1.0125,"SW_B4_20231208","2023-12-08 10:31 AM"
"54","TMP","SW","PW","D5","15cm","FE","20231208","1200",2023-12-05,2023-12-08,"10:43 AM","EST",3d 0H 0M 0S,6,"20240510",44.7973776469504,3.77267500849959,44.3484455316903,2.65119776887367,1.30969902189946,2.24045950474384,0.134333333333333,0.151,"In Range",1.0125,"SW_D5_20231208","2023-12-08 10:43 AM"
"55","TMP","SW","PW","F6","15cm","FE","20231208","1200",2023-12-05,2023-12-08,"10:49 AM","EST",3d 0H 0M 0S,6,"20240510",56.2271516048757,18.2433003156095,56.3562704535304,7.56743376559723,4.16982923973035,7.13319121194991,0.158333333333333,0.180333333333333,"In Range",1.0125,"SW_F6_20231208","2023-12-08 10:49 AM"
"56","TMP","SW","PW","F6","15cm","FE","20231116","1200",2023-11-13,2023-11-16,"11:48 AM","EST",3d 0H 0M 0S,5,"20231208",33.3937596121018,NA,28.6331965973535,NA,0,NA,0.097,0.099,"In Range",1.015,"SW_F6_20231116","2023-11-16 11:48 AM"
"57","TMP","C","PW","H3","15cm","FE","20231002","1200",2023-09-29,2023-10-02,"12:12 PM","EDT",3d 0H 0M 0S,6,"20231208",44.7957563682682,1.57943925164454,38.5992902416165,0.472033804069834,0,0,0.116,0.12,"In Range",1.0125,"C_H3_20231002","2023-10-02 12:12 PM"
"58","TMP","C","PW","I5","15cm","FE","20231002","1200",2023-09-29,2023-10-02,"12:18 PM","EDT",3d 0H 0M 0S,6,"20231208",24.2449978708697,4.73831775493365,22.8274607631333,0.944067608139662,1.65941266886032,2.83870326240943,0.082,0.087,"In Range",1.0125,"C_I5_20231002","2023-10-02 12:18 PM"
"59","TMP","FW","PW","H3","15cm","FE","20231002","1200",2023-09-29,2023-10-02,"09:51 AM","EDT",3d 0H 0M 0S,6,"20231208",16.5888329404664,0.911889677105638,23.1460835808804,4.23078538164005,6.55725064041397,4.44570817000298,0.0693333333333333,0.0876666666666667,"In Range",1.0125,"FW_H3_20231002","2023-10-02 09:51 AM"
"60","TMP","FW","PW","D5","15cm","FE","20231002","1200",2023-09-29,2023-10-02,"10:17 AM","EDT",3d 0H 0M 0S,6,"20231208",3.69423937347134,0.596971924397921,4.9845829692936,0.721043545909319,1.29034359582226,0.55919354147197,0.048,0.0496666666666667,"In Range",1.0125,"FW_D5_20231002","2023-10-02 10:17 AM"
"61","TMP","FW","PW","E3","15cm","FE","20231002","1200",2023-09-29,2023-10-02,"10:06 AM","EDT",3d 0H 0M 0S,6,"20231208",2.68684925104985,0.344661901249789,4.02871451605219,0.272528843846321,1.34186526500234,0.314854708454315,0.0463333333333333,0.0476666666666667,"In Range",1.0125,"FW_E3_20231002","2023-10-02 10:06 AM"
"62","TMP","FW","PW","I5","15cm","FE","20231002","1200",2023-09-29,2023-10-02,"09:33 AM","EDT",3d 0H 0M 0S,6,"20231208",33.5129869971475,1.50234639723642,27.7661144382139,1.65772823977389,0,0,0.0973333333333333,0.0973333333333333,"In Range",1.0125,"FW_I5_20231002","2023-10-02 09:33 AM"
"63","TMP","SW","PW","C3","15cm","FE","20231002","1200",2023-09-29,2023-10-02,"11:38 AM","EDT",3d 0H 0M 0S,6,"20231208",10.9474482549061,1.03398570374936,10.2418594621214,0.982616720530829,0,0,0.06,0.0606666666666667,"In Range",1.0125,"SW_C3_20231002","2023-10-02 11:38 AM"
"64","TMP","SW","PW","H3","15cm","FE","20231002","1200",2023-09-29,2023-10-02,"10:55 AM","EDT",3d 0H 0M 0S,6,"20231208",83.882493118222,0.911889677105641,70.7801948340773,1.3626442192316,0,0,0.180666666666667,0.187333333333333,"In Range",1.0125,"SW_H3_20231002","2023-10-02 10:55 AM"
"65","TMP","SW","PW","D5","15cm","FE","20231002","1200",2023-09-29,2023-10-02,"11:23 AM","EDT",3d 0H 0M 0S,6,"20231208",43.7883662458467,0.911889677105645,36.8468647440073,0.545057687692644,0,0,0.114333333333333,0.116333333333333,"In Range",1.0125,"SW_D5_20231002","2023-10-02 11:23 AM"
"66","TMP","SW","PW","F6","15cm","FE","20231002","1200",2023-09-29,2023-10-02,"11:16 AM","EDT",3d 0H 0M 0S,6,"20231208",51.8474872252186,2.75729520999831,43.0600096900764,1.51737638461082,0,0,0.127666666666667,0.129333333333333,"In Range",1.0125,"SW_F6_20231002","2023-10-02 11:16 AM"
"67","TMP","C","PW","C6","15cm","FE","20230810","1200",2023-08-07,2023-08-10,"10:53 AM","EDT",3d 0H 0M 0S,6,"20230908",8.20695601691563,NA,7.45732152494025,NA,0,NA,0.054,0.055,"In Range",1.0125,"C_C6_20230810","2023-08-10 10:53 AM"
"68","TMP","C","PW","F4","15cm","FE","20230810","1200",2023-08-07,2023-08-10,"10:27 AM","EDT",3d 0H 0M 0S,6,"20230908",17.7950295405085,0.498405381343359,15.4427781204225,0.515489086233821,0,0,0.073,0.0726666666666667,"In Range",1.0125,"C_F4_20230810","2023-08-10 10:27 AM"
"69","TMP","C","PW","H3","15cm","FE","20230807","1200",2023-08-04,2023-08-07,"12:00 PM","EDT",3d 0H 0M 0S,6,"20230908",25.8691967182708,0,22.8255587464344,0.773233629350731,0,0,0.089,0.089,"In Range",1.0125,"C_H3_20230807","2023-08-07 12:00 PM"
"70","TMP","C","PW","H6","15cm","FE","20230807","1200",2023-08-04,2023-08-07,"11:49 AM","EDT",3d 0H 0M 0S,6,"20230908",22.84138402661,0.996810762686716,19.2095029296122,0.892853288104234,0,0,0.083,0.081,"In Range",1.0125,"C_H6_20230807","2023-08-07 11:49 AM"
"71","TMP","C","PW","B4","15cm","FE","20230810","1200",2023-08-07,2023-08-10,"11:01 AM","EDT",3d 0H 0M 0S,6,"20230908",21.8321131293897,3.11254060888025,21.1681998303909,7.34006500991701,1.41370071110506,2.41837181069651,0.081,0.0853333333333333,"In Range",1.0125,"C_B4_20230810","2023-08-10 11:01 AM"
"72","TMP","C","PW","D5","15cm","FE","20230807","1200",2023-08-04,2023-08-07,"11:27 AM","EDT",3d 0H 0M 0S,5,"20230908",5.02330417944407,0.287754481084146,4.60595538765965,0.257744543116911,0,0,0.0476666666666667,0.0486666666666667,"In Range",1.015,"C_D5_20230807","2023-08-07 11:27 AM"
"73","TMP","C","PW","E3","15cm","FE","20230810","1200",2023-08-07,2023-08-10,"10:36 AM","EDT",3d 0H 0M 0S,6,"20230908",13.7579459516273,0.498405381343358,11.5253843188652,0.446426644052116,0,0,0.065,0.064,"In Range",1.0125,"C_E3_20230810","2023-08-10 10:36 AM"
"74","TMP","C","PW","F6","15cm","FE","20230810","1200",2023-08-07,2023-08-10,"10:17 AM","EDT",3d 0H 0M 0S,6,"20230908",18.9725122539321,1.03751353629342,16.4974610669956,1.33927993215635,0,0,0.0753333333333333,0.075,"In Range",1.0125,"C_F6_20230810","2023-08-10 10:17 AM"
"75","TMP","C","PW","I5","15cm","FE","20230810","1200",2023-08-07,2023-08-10,"09:57 AM","EDT",3d 0H 0M 0S,6,"20230908",32.5976693664062,0.76132679559309,30.0576703800786,0.446426644052117,0,0,0.102333333333333,0.105,"In Range",1.0125,"C_I5_20230810","2023-08-10 09:57 AM"
"76","TMP","FW","PW","C3","15cm","FE","20230807","1200",2023-08-04,2023-08-07,"09:47 AM","EDT",3d 0H 0M 0S,6,"20230908",6.02020240627165,2.35537193936083,5.49862462416159,2.109730010437,0,0,0.0496666666666667,0.0506666666666667,"In Range",1.0125,"FW_C3_20230807","2023-08-07 09:47 AM"
"77","TMP","FW","PW","C6","15cm","FE","20230807","1200",2023-08-04,2023-08-07,"09:31 AM","EDT",3d 0H 0M 0S,5,"20230908",6.20369425759226,3.4888376694035,5.66324248965642,2.36226775759011,0.0824699661196632,0.0874820383318147,0.05,0.051,"In Range",1.015,"FW_C6_20230807","2023-08-07 09:31 AM"
"78","TMP","FW","PW","F4","15cm","FE","20230807","1200",2023-08-04,2023-08-07,"09:04 AM","EDT",3d 0H 0M 0S,5,"20230908",4.51742271738056,0.287754481084146,4.15283234394676,0.257744543116911,0,0,0.0466666666666667,0.0476666666666667,"In Range",1.015,"FW_F4_20230807","2023-08-07 09:04 AM"
"79","TMP","FW","PW","H3","15cm","FE","20230810","1200",2023-08-07,2023-08-10,"01:22 PM","EDT",3d 0H 0M 0S,6,"20230908",6.35662603867842,0.287754481084144,6.25196958599954,0.515489086233822,0.121631116086561,0.208070392931587,0.0503333333333333,0.0523333333333333,"In Range",1.0125,"FW_H3_20230810","2023-08-10 01:22 PM"
"80","TMP","FW","PW","B4","15cm","FE","20230807","1200",2023-08-04,2023-08-07,"09:53 AM","EDT",3d 0H 0M 0S,5,"20230908",12.7801532644179,0.996810762686716,11.5538420579241,0.892853288104233,0,0,0.063,0.064,"In Range",1.015,"FW_B4_20230807","2023-08-07 09:53 AM"
"81","TMP","FW","PW","D5","15cm","FE","20230807","1200",2023-08-04,2023-08-07,"09:20 AM","EDT",3d 0H 0M 0S,5,"20230908",4.18016840933823,0.498405381343357,4.30387335851772,0.446426644052117,0.251097120140833,0.291199730823967,0.046,0.048,"In Range",1.015,"FW_D5_20230807","2023-08-07 09:20 AM"
"82","TMP","FW","PW","E3","15cm","FE","20230807","1200",2023-08-04,2023-08-07,"09:41 AM","EDT",3d 0H 0M 0S,5,"20230908",3.16840548521121,0.863263443252436,3.39762727109192,0.773233629350733,0.229221785880713,0.0900298139017038,0.044,0.046,"In Range",1.015,"FW_E3_20230807","2023-08-07 09:41 AM"
"83","TMP","FW","PW","F6","15cm","FE","20230810","1200",2023-08-07,2023-08-10,"01:07 PM","EDT",3d 0H 0M 0S,6,"20230908",8.03874420071225,0.575508962168291,7.30665253257266,0.257744543116911,0,0,0.0536666666666667,0.0546666666666667,"In Range",1.0125,"FW_F6_20230810","2023-08-10 01:07 PM"
"84","TMP","FW","PW","I5","15cm","FE","20230807","1200",2023-08-04,2023-08-07,"08:45 AM","EDT",3d 0H 0M 0S,6,"20230908",5.17914332525474,0.863263443252437,5.04661764705883,0.51548908623382,0.0471811904527073,0.0403556637163816,0.048,0.0496666666666667,"In Range",1.0125,"FW_I5_20230807","2023-08-07 08:45 AM"
"85","TMP","SW","PW","C3","15cm","FE","20230807","1200",2023-08-04,2023-08-07,"11:04 AM","EDT",3d 0H 0M 0S,6,"20230908",8.03874420071225,0.761326795593089,9.11468044098373,0.929311166179059,1.07593624027149,0.427078716288017,0.0536666666666667,0.0586666666666667,"In Range",1.0125,"SW_C3_20230807","2023-08-07 11:04 AM"
"86","TMP","SW","PW","C6","15cm","FE","20230807","1200",2023-08-04,2023-08-07,"10:53 AM","EDT",3d 0H 0M 0S,6,"20230908",20.3182067835592,1.31865669113084,19.661509906715,3.09293451740293,0.481817531382491,0.824229574648776,0.078,0.082,"In Range",1.0125,"SW_C6_20230807","2023-08-07 10:53 AM"
"87","TMP","SW","PW","F4","15cm","FE","20230810","1200",2023-08-07,2023-08-10,"11:53 AM","EDT",3d 0H 0M 0S,6,"20230908",47.0638855598971,12.7166646029123,51.0006603191736,2.01304923434556,5.53750195606404,9.47282442954564,0.131,0.151333333333333,"In Range",1.0125,"SW_F4_20230810","2023-08-10 11:53 AM"
"88","TMP","SW","PW","H3","15cm","FE","20230807","1200",2023-08-04,2023-08-07,"10:18 AM","EDT",3d 0H 0M 0S,5,"20230908",72.6427929419329,6.15148820306847,66.5327713617557,4.97787395038699,0,0,0.181333333333333,0.185333333333333,"In Range",1.015,"SW_H3_20230807","2023-08-07 10:18 AM"
"89","TMP","SW","PW","H6","15cm","FE","20230810","1200",2023-08-07,2023-08-10,"12:26 PM","EDT",3d 0H 0M 0S,6,"20230908",77.342012476506,3.76287811079033,28.1594186779595,38.768965462964,0,0,0.191,0.207666666666667,"Out of Range",1.0125,"SW_H6_20230810","2023-08-10 12:26 PM"
"90","TMP","SW","PW","B4","15cm","FE","20230807","1200",2023-08-04,2023-08-07,"10:58 AM","EDT",3d 0H 0M 0S,5,"20230908",5.69781279552875,0,9.51478836121605,0.947013921934813,3.8169755656873,0.947013921934813,0.049,0.0595,"In Range",1.015,"SW_B4_20230807","2023-08-07 10:58 AM"
"91","TMP","SW","PW","D5","15cm","FE","20230807","1200",2023-08-04,2023-08-07,"10:44 AM","EDT",3d 0H 0M 0S,6,"20230908",26.7102557992878,1.03751353629342,24.9349246395806,2.01304923434556,0.17326312449276,0.296395589826758,0.0906666666666667,0.0936666666666667,"In Range",1.0125,"SW_D5_20230807","2023-08-07 10:44 AM"
"92","TMP","SW","PW","E3","15cm","FE","20230807","1200",2023-08-04,2023-08-07,"10:25 AM","EDT",3d 0H 0M 0S,5,"20230908",7.0468300276981,0.287754481084146,6.56948857708221,0,0,0,0.0516666666666667,0.053,"In Range",1.015,"SW_E3_20230807","2023-08-07 10:25 AM"
"93","TMP","SW","PW","F6","15cm","FE","20230807","1200",2023-08-04,2023-08-07,"10:37 AM","EDT",3d 0H 0M 0S,6,"20230908",5.68377877386489,0,5.64929361652918,0,0,0,0.049,0.051,"In Range",1.0125,"SW_F6_20230807","2023-08-07 10:37 AM"
"94","TMP","SW","PW","I5","15cm","FE","20230807","1200",2023-08-04,2023-08-07,"10:12 AM","EDT",3d 0H 0M 0S,5,"20230908",17.1644592689683,2.35537193936083,14.8767443784853,3.03876334738488,0,0,0.0716666666666667,0.0713333333333333,"In Range",1.015,"SW_I5_20230807","2023-08-07 10:12 AM"
"95","TMP","C","PW","C6","15cm","FE","20230710","1200",2023-07-07,2023-07-10,"12:40 PM","EDT",3d 0H 0M 0S,6,"20230808",1.41784274262839,0.27145512411736,0.457150322133779,0.307421518121243,0,0,0.0396666666666667,0.0436666666666667,"In Range",1.0125,"C_C6_20230710","2023-07-10 12:40 PM"
"96","TMP","C","PW","H6","15cm","FE","20230707","1200",2023-07-05,2023-07-07,"11:42 AM","EDT",2d 0H 0M 0S,6,"20230808",4.43283394692079,2.85995719713816,12.1382041185593,3.6244462449803,7.70537017163851,0.887121044817848,0.046,0.0653333333333333,"In Range",1.0125,"C_H6_20230707","2023-07-07 11:42 AM"
"97","TMP","C","PW","H6","15cm","FE","20230710","1200",2023-07-07,2023-07-10,"12:55 PM","EDT",3d 0H 0M 0S,6,"20230808",21.0946274443261,0.470174066946182,19.8656704761946,0.813360884618747,0,0,0.081,0.0796666666666667,"In Range",1.0125,"C_H6_20230710","2023-07-10 12:55 PM"
"98","TMP","C","PW","I5","15cm","FE","20230710","1200",2023-07-07,2023-07-10,"01:10 PM","EDT",3d 0H 0M 0S,6,"20230808",5.06756893729813,0.271455124117359,16.6309171171845,3.54535790068196,11.5633481798864,3.3997625837232,0.0473333333333333,0.0736666666666667,"In Range",1.0125,"C_I5_20230710","2023-07-10 01:10 PM"
"99","TMP","FW","PW","C3","15cm","FE","20230707","1200",2023-07-05,2023-07-07,"10:09 AM","EDT",2d 0H 0M 0S,5,"20230808",4.60285477524232,0.27145512411736,2.43995377990301,0.307421518121244,0,0,0.0463333333333333,0.0473333333333333,"In Range",1.015,"FW_C3_20230707","2023-07-07 10:09 AM"
"100","TMP","FW","PW","F4","15cm","FE","20230707","1200",2023-07-05,2023-07-07,"09:44 AM","EDT",2d 0H 0M 0S,5,"20230808",12.3975571817651,0.27145512411736,11.0872615248124,0.307421518121243,0,0,0.0626666666666667,0.0633333333333333,"In Range",1.015,"FW_F4_20230707","2023-07-07 09:44 AM"
"101","TMP","FW","PW","H6","15cm","FE","20230707","1200",2023-07-05,2023-07-07,"09:32 AM","EDT",2d 0H 0M 0S,5,"20230808",7.78436596157816,0.470174066946182,5.68269418424405,0.307421518121244,0,0,0.053,0.0533333333333333,"In Range",1.015,"FW_H6_20230707","2023-07-07 09:32 AM"
"102","TMP","FW","PW","D5","15cm","FE","20230707","1200",2023-07-05,2023-07-07,"09:58 AM","EDT",2d 0H 0M 0S,5,"20230808",5.0800814531927,0.271455124117359,3.16056275864547,0.307421518121243,0,0,0.0473333333333333,0.0486666666666667,"In Range",1.015,"FW_D5_20230707","2023-07-07 09:58 AM"
"103","TMP","FW","PW","I5","15cm","FE","20230707","1200",2023-07-05,2023-07-07,"09:20 AM","EDT",2d 0H 0M 0S,5,"20230808",9.69327267337966,0.81436537235208,7.8445211204714,0.614843036242487,0,0,0.057,0.0573333333333333,"In Range",1.015,"FW_I5_20230707","2023-07-07 09:20 AM"
"104","TMP","SW","PW","C3","15cm","FE","20230707","1200",2023-07-05,2023-07-07,"10:31 AM","EDT",2d 0H 0M 0S,6,"20230808",20.9359436967318,0.718202750528707,35.3206031914653,2.01589770612765,14.3846594947335,1.31996961187273,0.0806666666666667,0.108333333333333,"In Range",1.0125,"SW_C3_20230707","2023-07-07 10:31 AM"
"105","TMP","SW","PW","B4","15cm","FE","20230707","1200",2023-07-05,2023-07-07,"10:20 AM","EDT",2d 0H 0M 0S,6,"20230808",5.86098767526982,0,4.23102924097895,0.307421518121241,0,0,0.049,0.0506666666666667,"In Range",1.0125,"SW_B4_20230707","2023-07-07 10:20 AM"
"106","TMP","SW","PW","E3","15cm","FE","20230707","1200",2023-07-05,2023-07-07,"10:38 AM","EDT",2d 0H 0M 0S,6,"20230808",4.27415019932645,0.27145512411736,2.79336108141888,0,0,0,0.0456666666666667,0.048,"In Range",1.0125,"SW_E3_20230707","2023-07-07 10:38 AM"
"107","TMP","SW","PW","F6","15cm","FE","20230707","1200",2023-07-05,2023-07-07,"10:50 AM","EDT",2d 0H 0M 0S,6,"20230808",4.9088851897038,1.24396365405143,4.41073776092396,1.40878237704884,0,0,0.047,0.051,"In Range",1.0125,"SW_F6_20230707","2023-07-07 10:50 AM"
"108","TMP","C","PW","C6","15cm","FE","20230628","1200",2023-06-23,2023-06-28,"03:24 PM","EDT",5d 0H 0M 0S,6,"20230808",5.54362018008114,0.27145512411736,3.33248664125391,0,0,0,0.0483333333333333,0.049,"In Range",1.0125,"C_C6_20230628","2023-06-28 03:24 PM"
"109","TMP","C","PW","F4","15cm","FE","20230628","1200",2023-06-23,2023-06-28,"03:56 PM","EDT",5d 0H 0M 0S,6,"20230808",14.429910045364,0.814365372352079,13.2164552382293,0.813360884618747,0,0,0.067,0.0673333333333333,"In Range",1.0125,"C_F4_20230628","2023-06-28 03:56 PM"
"110","TMP","C","PW","H3","15cm","FE","20230628","1200",2023-06-23,2023-06-28,"02:33 PM","EDT",5d 0H 0M 0S,6,"20230808",25.5377723769675,0.718202750528706,24.8975090346549,0.53246968872595,0,0,0.0903333333333333,0.089,"In Range",1.0125,"C_H3_20230628","2023-06-28 02:33 PM"
"111","TMP","C","PW","H6","15cm","FE","20230628","1200",2023-06-23,2023-06-28,"02:54 PM","EDT",5d 0H 0M 0S,6,"20230808",26.1725073673449,0.718202750528705,26.1554686742699,1.10842404676713,0.240940053018578,0.4121683095373,0.0916666666666667,0.0913333333333333,"In Range",1.0125,"C_H6_20230628","2023-06-28 02:54 PM"
"112","TMP","C","PW","B4","15cm","FE","20230628","1200",2023-06-23,2023-06-28,"03:36 PM","EDT",5d 0H 0M 0S,5,"20230808",13.3520105376659,0.54291024823472,11.8078705035549,0.813360884618747,0,0,0.0646666666666667,0.0646666666666667,"In Range",1.015,"C_B4_20230628","2023-06-28 03:36 PM"
"113","TMP","C","PW","D5","15cm","FE","20230628","1200",2023-06-23,2023-06-28,"03:12 PM","EDT",5d 0H 0M 0S,6,"20230808",8.3999276367792,0.271455124117359,6.38753148031904,0.614843036242487,0,0,0.0543333333333333,0.0546666666666667,"In Range",1.0125,"C_D5_20230628","2023-06-28 03:12 PM"
"114","TMP","C","PW","E3","15cm","FE","20230628","1200",2023-06-23,2023-06-28,"03:48 PM","EDT",5d 0H 0M 0S,5,"20230808",14.3064638935666,0.542910248234719,12.708631726983,0.307421518121243,0,0,0.0666666666666667,0.0663333333333333,"In Range",1.015,"C_E3_20230628","2023-06-28 03:48 PM"
"115","TMP","C","PW","F6","15cm","FE","20230628","1200",2023-06-23,2023-06-28,"03:04 PM","EDT",5d 0H 0M 0S,6,"20230808",13.477807559798,0.814365372352079,11.5990785587243,0.614843036242487,0,0,0.065,0.0643333333333333,"In Range",1.0125,"C_F6_20230628","2023-06-28 03:04 PM"
"116","TMP","C","PW","I5","15cm","FE","20230628","1200",2023-06-23,2023-06-28,"02:40 PM","EDT",5d 0H 0M 0S,6,"20230808",31.5677547855523,1.24396365405143,32.2655583524002,1.10842404676712,0.743691805456249,0.645630306809017,0.103,0.102666666666667,"In Range",1.0125,"C_I5_20230628","2023-06-28 02:40 PM"
"117","TMP","FW","PW","C3","15cm","FE","20230627","1200",2023-06-23,2023-06-27,"12:11 PM","EDT",4d 0H 0M 0S,6,"20230808",9.51071386993956,0.54291024823472,7.82519963987911,0.813360884618745,0,0,0.0566666666666667,0.0573333333333333,"In Range",1.0125,"FW_C3_20230627","2023-06-27 12:11 PM"
"118","TMP","FW","PW","F4","15cm","FE","20230627","1200",2023-06-23,2023-06-27,"11:17 AM","EDT",4d 0H 0M 0S,6,"20230808",12.8430725694206,0.718202750528706,10.8802444789442,0.532469688725951,0,0,0.0636666666666667,0.063,"In Range",1.0125,"FW_F4_20230627","2023-06-27 11:17 AM"
"119","TMP","FW","PW","H3","15cm","FE","20230627","1200",2023-06-23,2023-06-27,"11:08 AM","EDT",4d 0H 0M 0S,6,"20230808",6.01967142286415,0.27145512411736,4.05132072103394,0.307421518121241,0,0,0.0493333333333333,0.0503333333333333,"In Range",1.0125,"FW_H3_20230627","2023-06-27 11:08 AM"
"120","TMP","FW","PW","H6","15cm","FE","20230627","1200",2023-06-23,2023-06-27,"10:46 AM","EDT",4d 0H 0M 0S,5,"20230808",9.85234823269645,0.27145512411736,8.02467336515702,0.307421518121243,0,0,0.0573333333333333,0.0576666666666667,"In Range",1.015,"FW_H6_20230627","2023-06-27 10:46 AM"
"121","TMP","FW","PW","B4","15cm","FE","20230627","1200",2023-06-23,2023-06-27,"12:02 PM","EDT",4d 0H 0M 0S,6,"20230808",15.2233287833357,0.27145512411736,13.2164552382293,0.307421518121243,0,0,0.0686666666666667,0.0673333333333333,"In Range",1.0125,"FW_B4_20230627","2023-06-27 12:02 PM"
"122","TMP","FW","PW","D5","15cm","FE","20230627","1200",2023-06-23,2023-06-27,"11:49 AM","EDT",4d 0H 0M 0S,6,"20230808",8.24124388918487,1.88069626778473,7.10636556009908,0.92226455436373,0.0767336940704081,0.131265833859154,0.054,0.056,"In Range",1.0125,"FW_D5_20230627","2023-06-27 11:49 AM"
"123","TMP","FW","PW","E3","15cm","FE","20230627","1200",2023-06-23,2023-06-27,"11:30 AM","EDT",4d 0H 0M 0S,6,"20230808",6.17835517045849,0.27145512411736,4.23102924097895,0.614843036242485,0,0,0.0496666666666667,0.0506666666666667,"In Range",1.0125,"FW_E3_20230627","2023-06-27 11:30 AM"
"124","TMP","FW","PW","F6","15cm","FE","20230627","1200",2023-06-23,2023-06-27,"11:40 AM","EDT",4d 0H 0M 0S,6,"20230808",14.2712262977697,0.978745368992582,13.2164552382293,0.813360884618747,0,0,0.0666666666666667,0.0673333333333333,"In Range",1.0125,"FW_F6_20230627","2023-06-27 11:40 AM"
"125","TMP","FW","PW","I5","15cm","FE","20230627","1200",2023-06-23,2023-06-27,"10:54 AM","EDT",4d 0H 0M 0S,6,"20230808",8.24124388918486,0,6.74694852020906,0.813360884618747,0,0,0.054,0.0553333333333333,"In Range",1.0125,"FW_I5_20230627","2023-06-27 10:54 AM"
"126","TMP","SW","PW","C3","15cm","FE","20230627","1200",2023-06-23,2023-06-27,"02:42 PM","EDT",4d 0H 0M 0S,6,"20230808",8.3999276367792,0.271455124117359,8.54403371965914,0.307421518121241,0.162981819351851,0.273311811111571,0.0543333333333333,0.0586666666666667,"In Range",1.0125,"SW_C3_20230627","2023-06-27 02:42 PM"
"127","TMP","SW","PW","C6","15cm","FE","20230627","1200",2023-06-23,2023-06-27,"02:21 PM","EDT",4d 0H 0M 0S,6,"20230808",5.38493643248681,0.470174066946182,4.05132072103394,0.307421518121241,0,0,0.048,0.0503333333333333,"In Range",1.0125,"SW_C6_20230627","2023-06-27 02:21 PM"
"128","TMP","SW","PW","F4","15cm","FE","20230627","1200",2023-06-23,2023-06-27,"01:55 PM","EDT",4d 0H 0M 0S,6,"20230808",5.22625268489247,0.271455124117359,3.51219516119892,0.307421518121243,0,0,0.0476666666666667,0.0493333333333333,"In Range",1.0125,"SW_F4_20230627","2023-06-27 01:55 PM"
"129","TMP","SW","PW","H3","15cm","FE","20230627","1200",2023-06-23,2023-06-27,"01:29 PM","EDT",4d 0H 0M 0S,6,"20230808",5.22625268489247,0.271455124117359,4.77015480081397,0.307421518121243,0.0136593770183935,0.0233666518475024,0.0476666666666667,0.0516666666666667,"In Range",1.0125,"SW_H3_20230627","2023-06-27 01:29 PM"
"130","TMP","SW","PW","H6","15cm","FE","20230627","1200",2023-06-23,2023-06-27,"01:17 PM","EDT",4d 0H 0M 0S,6,"20230808",6.49572266564716,0.271455124117358,4.94986332075898,0,0,0,0.0503333333333333,0.052,"In Range",1.0125,"SW_H6_20230627","2023-06-27 01:17 PM"
"131","TMP","SW","PW","B4","15cm","FE","20230627","1200",2023-06-23,2023-06-27,"02:31 PM","EDT",4d 0H 0M 0S,6,"20230808",5.86098767526982,0.470174066946183,4.94986332075898,0.53246968872595,0,0,0.049,0.052,"In Range",1.0125,"SW_B4_20230627","2023-06-27 02:31 PM"
"132","TMP","SW","PW","D5","15cm","FE","20230627","1200",2023-06-23,2023-06-27,"02:12 PM","EDT",4d 0H 0M 0S,6,"20230808",3.95678270413778,0,4.23102924097895,0.307421518121241,0.302636704524118,0.258855381960979,0.045,0.0506666666666667,"In Range",1.0125,"SW_D5_20230627","2023-06-27 02:12 PM"
"133","TMP","SW","PW","E3","15cm","FE","20230627","1200",2023-06-23,2023-06-27,"01:39 PM","EDT",4d 0H 0M 0S,6,"20230808",5.22625268489247,0.271455124117359,4.59044628086896,0.307421518121243,0,0,0.0476666666666667,0.0513333333333333,"In Range",1.0125,"SW_E3_20230627","2023-06-27 01:39 PM"
"134","TMP","SW","PW","F6","15cm","FE","20230627","1200",2023-06-23,2023-06-27,"02:02 PM","EDT",4d 0H 0M 0S,6,"20230808",4.59151769451513,0.27145512411736,4.59044628086896,0.614843036242485,0.186002501631124,0.283860673932837,0.0463333333333333,0.0513333333333333,"In Range",1.0125,"SW_F6_20230627","2023-06-27 02:02 PM"
"135","TMP","SW","PW","I5","15cm","FE","20230627","1200",2023-06-23,2023-06-27,"01:05 PM","EDT",4d 0H 0M 0S,6,"20230808",11.7322863362603,0.271455124117359,10.1614103991642,0.307421518121243,0,0,0.0613333333333333,0.0616666666666667,"In Range",1.0125,"SW_I5_20230627","2023-06-27 01:05 PM"
"136","TMP","FW","PW","C3","15cm","FE","20230617","1200",2023-06-14,2023-06-17,"11:56 AM","EDT",3d 0H 0M 0S,6,"20230808",3.63941520894911,0.97874536899258,1.71510996174884,0.53246968872595,0,0,0.0443333333333333,0.046,"In Range",1.0125,"FW_C3_20230617","2023-06-17 11:56 AM"
"137","TMP","FW","PW","H6","15cm","FE","20230617","1200",2023-06-14,2023-06-17,"12:34 PM","EDT",3d 0H 0M 0S,6,"20230808",4.9088851897038,0,2.97306960136389,0.307421518121243,0,0,0.047,0.0483333333333333,"In Range",1.0125,"FW_H6_20230617","2023-06-17 12:34 PM"
"138","TMP","FW","PW","D5","15cm","FE","20230617","1200",2023-06-14,2023-06-17,"12:10 PM","EDT",3d 0H 0M 0S,6,"20230808",3.32204771376043,0.27145512411736,1.53540144180383,0.307421518121244,0,0,0.0436666666666667,0.0456666666666667,"In Range",1.0125,"FW_D5_20230617","2023-06-17 12:10 PM"
"139","TMP","FW","PW","I5","15cm","FE","20230617","1200",2023-06-14,2023-06-17,"12:25 PM","EDT",3d 0H 0M 0S,6,"20230808",4.9088851897038,0.470174066946182,2.97306960136389,0.307421518121243,0,0,0.047,0.0483333333333333,"In Range",1.0125,"FW_I5_20230617","2023-06-17 12:25 PM"
"140","TMP","SW","PW","C3","15cm","FE","20230617","1200",2023-06-14,2023-06-17,"10:48 AM","EDT",3d 0H 0M 0S,6,"20230808",11.0975513458829,0.814365372352077,12.3179126385043,0.614843036242487,1.22036129262139,0.735197960249022,0.06,0.0656666666666667,"In Range",1.0125,"SW_C3_20230617","2023-06-17 10:48 AM"
"141","TMP","SW","PW","B4","15cm","FE","20230617","1200",2023-06-14,2023-06-17,"11:33 AM","EDT",3d 0H 0M 0S,6,"20230808",4.75020144210946,0.718202750528706,3.87161220108893,0,0,0,0.0466666666666667,0.05,"In Range",1.0125,"SW_B4_20230617","2023-06-17 11:33 AM"
"142","TMP","SW","PW","D5","15cm","FE","20230617","1200",2023-06-14,2023-06-17,"11:22 AM","EDT",3d 0H 0M 0S,6,"20230808",5.22625268489247,0.271455124117359,5.488988880594,0.53246968872595,0.407760566277475,0.350159467302877,0.0476666666666667,0.053,"In Range",1.0125,"SW_D5_20230617","2023-06-17 11:22 AM"
"143","TMP","SW","PW","E3","15cm","FE","20230617","1200",2023-06-14,2023-06-17,"10:57 AM","EDT",3d 0H 0M 0S,6,"20230808",7.13045765602451,0.542910248234719,6.20782296037404,0.307421518121243,0,0,0.0516666666666667,0.0543333333333333,"In Range",1.0125,"SW_E3_20230617","2023-06-17 10:57 AM"
"144","TMP","SW","PW","F6","15cm","FE","20230617","1200",2023-06-14,2023-06-17,"11:18 AM","EDT",3d 0H 0M 0S,6,"20230808",6.33703891805283,0.814365372352077,5.66869740053901,0.307421518121244,0.0557089217197368,0.0952994398552706,0.05,0.0533333333333333,"In Range",1.0125,"SW_F6_20230617","2023-06-17 11:18 AM"
"145","TMP","C","PW","H6","15cm","FE","20230614","1200",2023-06-12,2023-06-14,"11:31 AM","EDT",2d 0H 0M 0S,6,"20230808",17.4449012496564,0.271455124117361,15.9120830374045,0.307421518121244,0,0,0.0733333333333333,0.0723333333333333,"In Range",1.0125,"C_H6_20230614","2023-06-14 11:31 AM"
"146","TMP","FW","PW","C3","15cm","FE","20230614","1200",2023-06-12,2023-06-14,"03:02 PM","EDT",2d 0H 0M 0S,6,"20230808",2.52862897578875,0,0.457150322133779,0.307421518121243,0,0,0.042,0.0436666666666667,"In Range",1.0125,"FW_C3_20230614","2023-06-14 03:02 PM"
"147","TMP","FW","PW","C6","15cm","FE","20230614","1200",2023-06-12,2023-06-14,"02:51 PM","EDT",2d 0H 0M 0S,5,"20230808",1.42134358890649,0.27145512411736,0.45827908836127,0.307421518121243,0,0,0.0396666666666667,0.0436666666666667,"In Range",1.015,"FW_C6_20230614","2023-06-14 02:51 PM"
"148","TMP","FW","PW","H3","15cm","FE","20230614","1200",2023-06-12,2023-06-14,"03:28 PM","EDT",2d 0H 0M 0S,6,"20230808",6.97177390843017,0.27145512411736,5.30928036064899,0.307421518121243,0,0,0.0513333333333333,0.0526666666666667,"In Range",1.0125,"FW_H3_20230614","2023-06-14 03:28 PM"
"149","TMP","FW","PW","D5","15cm","FE","20230614","1200",2023-06-12,2023-06-14,"03:13 PM","EDT",2d 0H 0M 0S,6,"20230808",4.11546645173211,0.27145512411736,2.07452700163885,0.307421518121243,0,0,0.0453333333333333,0.0466666666666667,"In Range",1.0125,"FW_D5_20230614","2023-06-14 03:13 PM"
"150","TMP","FW","PW","I5","15cm","FE","20230614","1200",2023-06-12,2023-06-14,"03:36 PM","EDT",2d 0H 0M 0S,6,"20230808",3.79809895654344,0.27145512411736,1.53540144180383,0.307421518121244,0,0,0.0446666666666667,0.0456666666666667,"In Range",1.0125,"FW_I5_20230614","2023-06-14 03:36 PM"
"151","TMP","SW","PW","C3","15cm","FE","20230614","1200",2023-06-12,2023-06-14,"12:01 PM","EDT",2d 0H 0M 0S,6,"20230808",7.13045765602451,0.27145512411736,7.28607408004408,0.307421518121243,0.216541705192833,0.187816239263669,0.0516666666666667,0.0563333333333333,"In Range",1.0125,"SW_C3_20230614","2023-06-14 12:01 PM"
"152","TMP","SW","PW","H6","15cm","FE","20230614","1200",2023-06-12,2023-06-14,"01:18 PM","EDT",2d 0H 0M 0S,5,"20230808",2.37579694480724,0.27145512411736,0.45827908836127,0.307421518121243,0,0,0.0416666666666667,0.0436666666666667,"In Range",1.015,"SW_H6_20230614","2023-06-14 01:18 PM"
"153","TMP","SW","PW","B4","15cm","FE","20230614","1200",2023-06-12,2023-06-14,"12:14 PM","EDT",2d 0H 0M 0S,6,"20230808",4.27415019932645,1.78005028850636,2.25423552158386,0.922264554363731,0,0,0.0456666666666667,0.047,"In Range",1.0125,"SW_B4_20230614","2023-06-14 12:14 PM"
"154","TMP","SW","PW","D5","15cm","FE","20230614","1200",2023-06-12,2023-06-14,"12:28 PM","EDT",2d 0H 0M 0S,6,"20230808",5.86098767526982,1.6952367067679,9.44257631938418,8.60780250739481,3.91368692996759,6.69501689641692,0.049,0.0603333333333333,"In Range",1.0125,"SW_D5_20230614","2023-06-14 12:28 PM"
"155","TMP","SW","PW","E3","15cm","FE","20230614","1200",2023-06-12,2023-06-14,"12:57 PM","EDT",2d 0H 0M 0S,6,"20230808",8.55861138437354,0.718202750528706,7.82519963987911,0.307421518121243,0.139808011122424,0.239165015870808,0.0546666666666667,0.0573333333333333,"In Range",1.0125,"SW_E3_20230614","2023-06-14 12:57 PM"
"156","TMP","SW","PW","F6","15cm","FE","20230614","1200",2023-06-12,2023-06-14,"12:42 PM","EDT",2d 0H 0M 0S,6,"20230808",5.70230392767548,0.54291024823472,5.30928036064899,0.813360884618747,0.0346841493690651,0.0593330458513865,0.0486666666666667,0.0526666666666667,"In Range",1.0125,"SW_F6_20230614","2023-06-14 12:42 PM"
"157","TMP","C","PW","H6","15cm","FE","20230612","1200",2023-06-08,2023-06-12,"10:22 AM","EDT",4d 0H 0M 0S,6,"20230808",15.2233287833357,1.18324545373386,14.1149978379544,0.53246968872595,0.0537130117911364,0.0918851016788094,0.0686666666666667,0.069,"In Range",1.0125,"C_H6_20230612","2023-06-12 10:22 AM"
"158","TMP","FW","PW","H6","15cm","FE","20230612","1200",2023-06-08,2023-06-12,"10:18 AM","EDT",4d 0H 0M 0S,5,"20230808",3.48932586002478,0,1.89949704584617,0.307421518121243,0,0,0.044,0.0463333333333333,"In Range",1.015,"FW_H6_20230612","2023-06-12 10:18 AM"
"159","TMP","FW","PW","D5","15cm","FE","20230612","1200",2023-06-08,2023-06-12,"09:44 AM","EDT",4d 0H 0M 0S,6,"20230808",1.10047524743972,0,0.996275881968803,0.307421518121244,0.05033943631606,0.0430570179376759,0.039,0.0446666666666667,"In Range",1.0125,"FW_D5_20230612","2023-06-12 09:44 AM"
"160","TMP","FW","PW","I5","15cm","FE","20230612","1200",2023-06-08,2023-06-12,"10:09 AM","EDT",4d 0H 0M 0S,5,"20230808",0.62596579232253,0,0,0,0,0,0.038,0.0416666666666667,"In Range",1.015,"FW_I5_20230612","2023-06-12 10:09 AM"
"161","TMP","SW","PW","B4","15cm","FE","20230612","1200",2023-06-08,2023-06-12,"09:35 AM","EDT",4d 0H 0M 0S,6,NA,NA,NA,NA,NA,NA,NA,NA,NA,NA,1.0125,"SW_B4_20230612","2023-06-12 09:35 AM"
"162","TMP","SW","PW","E3","15cm","FE","20230612","1200",2023-06-08,2023-06-12,"08:55 AM","EDT",4d 0H 0M 0S,6,"20230808",50.768488244467,1.51139816616824,58.5030022643714,1.53710759060622,7.73451401990431,1.72568862621186,0.143333333333333,0.151333333333333,"In Range",1.0125,"SW_E3_20230612","2023-06-12 08:55 AM"
"163","TMP","FW","PW","C3","15cm","FE","20230608","1200",2023-06-07,2023-06-08,"04:13 PM","EDT",1d 0H 0M 0S,6,"20230609",3.49783738669579,0.866271068680255,3.89812923030914,0.255866692697998,0.704171142630281,0.602301331486162,0.044,0.0466666666666667,"In Range",1.0125,"FW_C3_20230608","2023-06-08 04:13 PM"
"164","TMP","FW","PW","F4","15cm","FE","20230608","1200",2023-06-07,2023-06-08,"04:32 PM","EDT",1d 0H 0M 0S,6,"20230609",3.49783738669579,0,4.49641428112783,0.443174111717544,0.998576894432033,0.443174111717544,0.044,0.048,"In Range",1.0125,"FW_F4_20230608","2023-06-08 04:32 PM"
"165","TMP","FW","PW","H6","15cm","FE","20230608","1200",2023-06-07,2023-06-08,"03:43 PM","EDT",1d 0H 0M 0S,6,"20230609",3.49783738669579,0.50014183469373,4.34684301842316,0.255866692697997,0.849005631727362,0.306528474892375,0.044,0.0476666666666667,"In Range",1.0125,"FW_H6_20230608","2023-06-08 03:43 PM"
"166","TMP","FW","PW","B4","15cm","FE","20230608","1200",2023-06-07,2023-06-08,"04:06 PM","EDT",1d 0H 0M 0S,5,"20230609",2.15275678964747,0.288757022893418,3.30799194289661,0.255866692697998,1.15523515324913,0.471944580584988,0.0413333333333333,0.0453333333333333,"In Range",1.015,"FW_B4_20230608","2023-06-08 04:06 PM"
"167","TMP","FW","PW","D5","15cm","FE","20230608","1200",2023-06-07,2023-06-08,"03:55 PM","EDT",1d 0H 0M 0S,6,"20230609",2.82264590985926,0.288757022893417,3.29984417949046,0.255866692697998,0.477198269631198,0.544623715591414,0.0426666666666667,0.0453333333333333,"In Range",1.0125,"FW_D5_20230608","2023-06-08 03:55 PM"
"168","TMP","FW","PW","E3","15cm","FE","20230608","1200",2023-06-07,2023-06-08,"04:24 PM","EDT",1d 0H 0M 0S,6,"20230609",1.97865656381359,0,3.29984417949046,0.676959637663488,1.32118761567687,0.676959637663488,0.041,0.0453333333333333,"In Range",1.0125,"FW_E3_20230608","2023-06-08 04:24 PM"
"169","TMP","FW","PW","I5","15cm","FE","20230608","1200",2023-06-07,2023-06-08,"03:28 PM","EDT",1d 0H 0M 0S,6,"20230609",2.48505017144099,0,2.85113039137644,0.255866692697998,0.36608021993545,0.255866692697998,0.042,0.0443333333333333,"In Range",1.0125,"FW_I5_20230608","2023-06-08 03:28 PM"
"170","TMP","SW","PW","C3","15cm","FE","20230608","1200",2023-06-07,2023-06-08,"02:05 PM","EDT",1d 0H 0M 0S,6,"20230609",68.9914106398397,2.08225650438509,62.5300642105402,1.35391927532698,0,0,0.173333333333333,0.177333333333333,"In Range",1.0125,"SW_C3_20230608","2023-06-08 02:05 PM"
"171","TMP","SW","PW","C6","15cm","FE","20230608","1200",2023-06-07,2023-06-08,"02:28 PM","EDT",1d 0H 0M 0S,6,"20230609",40.4645707434961,3.00085100816238,38.4490909150882,1.84508096041204,0.839531481467728,1.43615919057351,0.117,0.123666666666667,"In Range",1.0125,"SW_C6_20230608","2023-06-08 02:28 PM"
"172","TMP","SW","PW","F4","15cm","FE","20230608","1200",2023-06-07,2023-06-08,"01:39 PM","EDT",1d 0H 0M 0S,6,"20230609",0.965869348558788,0,1.65456028973908,0.255866692697998,0.68869094118029,0.255866692697998,0.039,0.0416666666666667,"In Range",1.0125,"SW_F4_20230608","2023-06-08 01:39 PM"
"173","TMP","SW","PW","H3","15cm","FE","20230608","1200",2023-06-07,2023-06-08,"01:43 PM","EDT",1d 0H 0M 0S,6,"20230609",2.99144377906839,0,3.44941544219513,0.511733385395995,0.457971663126737,0.511733385395995,0.043,0.0456666666666667,"In Range",1.0125,"SW_H3_20230608","2023-06-08 01:43 PM"
"174","TMP","SW","PW","H6","15cm","FE","20230608","1200",2023-06-07,2023-06-08,"01:49 PM","EDT",1d 0H 0M 0S,6,"20230609",9.91215641664288,1.04112825219255,9.43226595038197,0.767600078093991,0,0,0.0566666666666667,0.059,"In Range",1.0125,"SW_H6_20230608","2023-06-08 01:49 PM"
"175","TMP","SW","PW","B4","15cm","FE","20230608","1200",2023-06-07,2023-06-08,"02:15 PM","EDT",1d 0H 0M 0S,6,"20230609",28.6487198988567,1.89350642608406,26.0346761106005,0.443174111717545,0,0,0.0936666666666667,0.096,"In Range",1.0125,"SW_B4_20230608","2023-06-08 02:15 PM"
"176","TMP","SW","PW","D5","15cm","FE","20230608","1200",2023-06-07,2023-06-08,"02:35 PM","EDT",1d 0H 0M 0S,6,"20230609",23.2471880841645,1.80328702999288,21.0988244413463,1.17252848710657,0,0,0.083,0.085,"In Range",1.0125,"SW_D5_20230608","2023-06-08 02:35 PM"
"177","TMP","SW","PW","E3","15cm","FE","20230608","1200",2023-06-07,2023-06-08,"01:30 PM","EDT",1d 0H 0M 0S,6,"20230609",41.8149536971692,3.5128807984331,97.5347866419294,76.7651471004053,55.7198329447602,73.4047981030077,0.119666666666667,0.232666666666667,"Out of Range",1.0125,"SW_E3_20230608","2023-06-08 01:30 PM"
"178","TMP","SW","PW","F6","15cm","FE","20230608","1200",2023-06-07,2023-06-08,"01:19 PM","EDT",1d 0H 0M 0S,6,"20230609",10.080954285852,0.50014183469373,10.1801222639053,0.255866692697998,0.185052767009785,0.160824382337069,0.057,0.0606666666666667,"In Range",1.0125,"SW_F6_20230608","2023-06-08 01:19 PM"
"179","TMP","SW","PW","I5","15cm","FE","20230608","1200",2023-06-07,2023-06-08,"01:56 PM","EDT",1d 0H 0M 0S,6,"20230609",11.4313372395251,0.763979271899368,11.675834890952,0.443174111717545,0.244497651426956,0.339290261014067,0.0596666666666667,0.064,"In Range",1.0125,"SW_I5_20230608","2023-06-08 01:56 PM"
"180","TMP","FW","PW","C3","15cm","FE","20230606","1200",2023-06-05,2023-06-06,"04:40 PM","EDT",1d 0H 0M 0S,6,"20230607",1.58790650655249,0.240081844689378,1.93578608304775,0,0.347879576495258,0.240081844689378,0.0413333333333333,0.043,"In Range",1.0125,"FW_C3_20230606","2023-06-06 04:40 PM"
"181","TMP","FW","PW","F4","15cm","FE","20230606","1200",2023-06-05,2023-06-06,"05:16 PM","EDT",1d 0H 0M 0S,6,"20230607",3.41237797523848,1.20040922344689,3.90346530775735,0.258926525370923,0.845658065565647,0.757280557337122,0.0456666666666667,0.0473333333333333,"In Range",1.0125,"FW_F4_20230606","2023-06-06 05:16 PM"
"182","TMP","FW","PW","H3","15cm","FE","20230606","1200",2023-06-05,2023-06-06,"06:00 PM","EDT",1d 0H 0M 0S,5,"20230607",1.02906531366344,0.415833952976864,2.54750047621167,0.685055193969518,1.51843516254823,0.287656869520646,0.04,0.0443333333333333,"In Range",1.015,"FW_H3_20230606","2023-06-06 06:00 PM"
"183","TMP","FW","PW","H6","15cm","FE","20230606","1200",2023-06-05,2023-06-06,"05:36 PM","EDT",1d 0H 0M 0S,5,"20230607",0.325612876544244,0.240081844689378,2.54750047621167,0.517853050741846,2.22188759966742,0.448869645456191,0.0383333333333333,0.0443333333333333,"In Range",1.015,"FW_H6_20230606","2023-06-06 05:36 PM"
"184","TMP","FW","PW","B4","15cm","FE","20230606","1200",2023-06-05,2023-06-06,"04:30 PM","EDT",1d 0H 0M 0S,5,"20230607",0.466303363968083,0.240081844689378,2.39576680760158,0,1.9294634436335,0.240081844689378,0.0386666666666667,0.044,"In Range",1.015,"FW_B4_20230606","2023-06-06 04:30 PM"
"185","TMP","FW","PW","D5","15cm","FE","20230606","1200",2023-06-05,2023-06-06,"04:50 PM","EDT",1d 0H 0M 0S,6,"20230607",0.605498792644651,0,1.6330662023232,0.258926525370921,1.02756740967855,0.258926525370921,0.039,0.0423333333333333,"In Range",1.0125,"FW_D5_20230606","2023-06-06 04:50 PM"
"186","TMP","FW","PW","I5","15cm","FE","20230606","1200",2023-06-05,2023-06-06,"05:45 PM","EDT",1d 0H 0M 0S,6,"20230607",0.605498792644651,0,1.48170626196092,0.448473897369709,0.876207469316269,0.448473897369709,0.039,0.042,"In Range",1.0125,"FW_I5_20230606","2023-06-06 05:45 PM"
"187","TMP","SW","PW","C3","15cm","FE","20230606","1200",2023-06-05,2023-06-06,"04:19 PM","EDT",1d 0H 0M 0S,6,"20230607",7.9033846673886,0.480163689378757,9.95786292224843,1.37011038793903,2.05447825485983,1.05505578911036,0.0563333333333333,0.0606666666666667,"In Range",1.0125,"SW_C3_20230606","2023-06-06 04:19 PM"
"188","TMP","SW","PW","C6","15cm","FE","20230606","1200",2023-06-05,2023-06-06,"04:45 PM","EDT",1d 0H 0M 0S,6,"20230607",1.16687462916342,0.240081844689378,4.05482524811963,0.517853050741846,2.88795061895621,0.277771206052467,0.0403333333333333,0.0476666666666667,"In Range",1.0125,"SW_C6_20230606","2023-06-06 04:45 PM"
"189","TMP","SW","PW","H3","15cm","FE","20230606","1200",2023-06-05,2023-06-06,"05:16 PM","EDT",1d 0H 0M 0S,6,"20230607",4.53512964827601,0.240081844689378,5.11434483065557,0.448473897369709,0.57921518237956,0.268844667459194,0.0483333333333333,0.05,"In Range",1.0125,"SW_H3_20230606","2023-06-06 05:16 PM"
"190","TMP","SW","PW","H6","15cm","FE","20230606","1200",2023-06-05,2023-06-06,"05:31 PM","EDT",1d 0H 0M 0S,6,"20230607",2.71065817959002,0,2.54122584449686,0.258926525370923,0.0444291818771307,0.0760035559011445,0.044,0.0443333333333333,"In Range",1.0125,"SW_H6_20230606","2023-06-06 05:31 PM"
"191","TMP","SW","PW","B4","15cm","FE","20230606","1200",2023-06-05,2023-06-06,"04:31 PM","EDT",1d 0H 0M 0S,6,"20230607",4.6754736074057,0.480163689378757,9.95786292224843,8.2977771162075,5.28238931484273,8.52579313578263,0.0486666666666667,0.0606666666666667,"In Range",1.0125,"SW_B4_20230606","2023-06-06 04:31 PM"
"192","TMP","SW","PW","D5","15cm","FE","20230606","1200",2023-06-05,2023-06-06,"05:48 PM","EDT",1d 0H 0M 0S,6,"20230607",2.57031422046033,0.240081844689378,3.6007454270328,0.258926525370923,1.03043120657247,0.43225663157455,0.0436666666666667,0.0466666666666667,"In Range",1.0125,"SW_D5_20230606","2023-06-06 05:48 PM"
"193","TMP","SW","PW","E3","15cm","FE","20230606","1200",2023-06-05,2023-06-06,"04:58 PM","EDT",1d 0H 0M 0S,6,"20230607",5.23684944392447,0.415833952976862,5.87114453246695,0.685055193969516,0.634295088542489,0.287656869520645,0.05,0.0516666666666667,"In Range",1.0125,"SW_E3_20230606","2023-06-06 04:58 PM"
"194","TMP","SW","PW","F6","15cm","FE","20230606","1200",2023-06-05,2023-06-06,"05:40 PM","EDT",1d 0H 0M 0S,6,"20230607",16.8853980516888,0.480163689378756,26.6074563620989,1.03570610148369,9.72205831041007,0.555542412104935,0.0776666666666667,0.0973333333333333,"In Range",1.0125,"SW_F6_20230606","2023-06-06 05:40 PM"
"195","TMP","SW","PW","I5","15cm","FE","20230606","1200",2023-06-05,2023-06-06,"05:22 PM","EDT",1d 0H 0M 0S,6,"20230607",12.254047400409,0.480163689378757,14.9527409542036,0.517853050741845,2.69869355379454,0.0376893613630884,0.0666666666666667,0.0716666666666667,"In Range",1.0125,"SW_I5_20230606","2023-06-06 05:22 PM"
"196","TMP","C","PW","H6","15cm","FE","20230605","1200",2023-06-03,2023-06-05,"04:00 PM","EDT",2d 0H 0M 0S,5,"20230606",9.47014275002677,0.296753367707015,10.3545590907013,0.782688153028227,0.884416340674579,0.511588762590981,0.0543333333333333,0.0633333333333333,"In Range",1.015,"C_H6_20230605","2023-06-05 04:00 PM"
"197","TMP","FW","PW","D5","15cm","FE","20230605","1200",2023-06-03,2023-06-05,"03:47 PM","EDT",2d 0H 0M 0S,5,"20230606",1.12291412861069,0.296753367707015,1.33991678761815,0,0.260602170191304,0.222352807553719,0.0383333333333333,0.046,"In Range",1.015,"FW_D5_20230605","2023-06-05 03:47 PM"
"198","TMP","C","PW","C6","15cm","FE","20230603","1200",2023-05-31,2023-06-03,"02:41 PM","EDT",3d 0H 0M 0S,6,"20230606",3.20181556651652,0.296753367707013,1.16368498552906,0.295828315289879,0,0,0.0423333333333333,0.0456666666666667,"In Range",1.0125,"C_C6_20230603","2023-06-03 02:41 PM"
"199","TMP","C","PW","F4","15cm","FE","20230603","1200",2023-05-31,2023-06-03,"02:27 PM","EDT",3d 0H 0M 0S,5,"20230606",12.6003534830578,0.296753367707015,11.221351619844,1.35565564752713,0,0,0.0603333333333333,0.065,"In Range",1.015,"C_F4_20230603","2023-06-03 02:27 PM"
"200","TMP","C","PW","H6","15cm","FE","20230603","1200",2023-05-31,2023-06-03,"02:15 PM","EDT",3d 0H 0M 0S,6,"20230606",3.20181556651652,0.296753367707013,11.8854388804902,2.42145912055637,8.68362331397365,2.71221968412902,0.0423333333333333,0.0663333333333333,"In Range",1.0125,"C_H6_20230603","2023-06-03 02:15 PM"
"201","TMP","C","PW","I5","15cm","FE","20230603","1200",2023-05-31,2023-06-03,"02:00 PM","EDT",3d 0H 0M 0S,6,"20230606",13.6101517477773,2.83084670608219,16.2087267413616,2.13324831902357,2.59857499358426,0.790738151162416,0.0623333333333333,0.0746666666666667,"In Range",1.0125,"C_I5_20230603","2023-06-03 02:00 PM"
"202","TMP","FW","PW","C3","15cm","FE","20230603","1200",2023-05-31,2023-06-03,"03:46 PM","EDT",3d 0H 0M 0S,6,"20230606",4.2426491846426,0.296753367707015,1.33661649996391,0,0,0,0.0443333333333333,0.046,"In Range",1.0125,"FW_C3_20230603","2023-06-03 03:46 PM"
"203","TMP","FW","PW","D5","15cm","FE","20230603","1200",2023-05-31,2023-06-03,"03:52 PM","EDT",3d 0H 0M 0S,6,NA,NA,NA,NA,NA,NA,NA,NA,NA,NA,1.0125,"FW_D5_20230603","2023-06-03 03:52 PM"
"204","TMP","FW","PW","I5","15cm","FE","20230603","1200",2023-05-31,2023-06-03,"04:09 PM","EDT",3d 0H 0M 0S,6,"20230606",5.45695507245636,0.59350673541403,2.72006861544277,0.295828315289879,0,0,0.0466666666666667,0.0486666666666667,"In Range",1.0125,"FW_I5_20230603","2023-06-03 04:09 PM"
"205","TMP","SW","PW","C3","15cm","FE","20230603","1200",2023-05-31,2023-06-03,"02:53 PM","EDT",3d 0H 0M 0S,6,"20230606",15.6918189840295,0.59350673541403,70.3362907594718,7.17345541359406,54.6444717754423,7.76133786811518,0.0663333333333333,0.179,"In Range",1.0125,"SW_C3_20230603","2023-06-03 02:53 PM"
"206","TMP","SW","PW","H3","15cm","FE","20230603","1200",2023-05-31,2023-06-03,"03:28 PM","EDT",3d 0H 0M 0S,5,"20230606",32.5989220552005,7.48971638403983,35.1448254241801,1.35565564752713,3.22690221016601,5.50656017641757,0.0986666666666667,0.111,"In Range",1.015,"SW_H3_20230603","2023-06-03 03:28 PM"
"207","TMP","SW","PW","B4","15cm","FE","20230603","1200",2023-05-31,2023-06-03,"03:06 PM","EDT",3d 0H 0M 0S,5,"20230606",18.4260234584211,1.09034149550204,0,0,0,0,0.0715,0.219,"Out of Range",1.015,"SW_B4_20230603","2023-06-03 03:06 PM"
"208","TMP","C","PW","C6","15cm","FE","20230515","1200",2023-05-12,2023-05-15,"03:02 PM","EDT",3d 0H 0M 0S,6,"20230530",2.25735199418362,0.36359154904267,1.77685305729881,0.251922279646804,0,0,0.0423333333333333,0.0436666666666667,"In Range",1.0125,"C_C6_20230515","2023-05-15 03:02 PM"
"209","TMP","C","PW","H6","15cm","FE","20230515","1200",2023-05-12,2023-05-15,"12:32 PM","EDT",3d 0H 0M 0S,6,"20230530",25.6371562110511,1.09077464712802,18.1233222717587,1.33304740332382,0,0,0.079,0.0806666666666667,"In Range",1.0125,"C_H6_20230515","2023-05-15 12:32 PM"
"210","TMP","C","PW","F6","15cm","FE","20230515","1200",2023-05-12,2023-05-15,"12:50 PM","EDT",3d 0H 0M 0S,5,"20230530",2.6890626506024,0.629759036144577,7.53877551822904,2.19620751721362,4.84971286762664,2.02996604886132,0.043,0.0566666666666667,"In Range",1.015,"C_F6_20230515","2023-05-15 12:50 PM"
"211","TMP","C","PW","I5","15cm","FE","20230518","1200",2023-05-15,2023-05-18,"10:43 AM","EDT",3d 0H 0M 0S,6,"20230530",4.17024506647278,0.363591549042672,19.1541806906886,2.72495609009498,14.9839356242159,2.4866910401282,0.0453333333333333,0.083,"In Range",1.0125,"C_I5_20230518","2023-05-18 10:43 AM"
"212","TMP","FW","PW","C3","15cm","FE","20230515","1200",2023-05-12,2023-05-15,"04:55 PM","EDT",3d 0H 0M 0S,6,"20230530",1.19463362068965,0.727183098085344,2.66044598781016,0.908318696698328,1.46581236712051,0.267362574757115,0.0406666666666667,0.0456666666666667,"In Range",1.0125,"FW_C3_20230515","2023-05-15 04:55 PM"
"213","TMP","FW","PW","C6","15cm","FE","20230515","1200",2023-05-12,2023-05-15,"04:28 PM","EDT",3d 0H 0M 0S,6,"20230530",5.44550711466555,0.363591549042672,4.13310087199573,0.436342187906839,0,0,0.0473333333333333,0.049,"In Range",1.0125,"FW_C6_20230515","2023-05-15 04:28 PM"
"214","TMP","FW","PW","H3","15cm","FE","20230515","1200",2023-05-12,2023-05-15,"05:15 PM","EDT",3d 0H 0M 0S,6,"20230530",8.84620590984627,0.363591549042672,9.72918943190093,0.251922279646803,0.88298352205466,0.535966847307587,0.0526666666666667,0.0616666666666667,"In Range",1.0125,"FW_H3_20230515","2023-05-15 05:15 PM"
"215","TMP","FW","PW","H6","15cm","FE","20230515","1200",2023-05-12,2023-05-15,"05:34 PM","EDT",3d 0H 0M 0S,6,"20230530",0.131915247195669,0,2.66044598781016,0.503844559293607,2.52853074061449,0.503844559293607,0.039,0.0456666666666667,"In Range",1.0125,"FW_H6_20230515","2023-05-15 05:34 PM"
"216","TMP","FW","PW","B4","15cm","FE","20230515","1200",2023-05-12,2023-05-15,"04:45 PM","EDT",3d 0H 0M 0S,6,"20230530",0.982089945990851,0.363591549042672,3.98583538357718,0.908318696698327,3.00374543758633,1.06791165041743,0.0403333333333333,0.0486666666666667,"In Range",1.0125,"FW_B4_20230515","2023-05-15 04:45 PM"
"217","TMP","FW","PW","D5","15cm","FE","20230515","1200",2023-05-12,2023-05-15,"04:37 PM","EDT",3d 0H 0M 0S,6,"20230530",4.38278874117157,0.363591549042672,3.24950794148439,0.436342187906839,0,0,0.0456666666666667,0.047,"In Range",1.0125,"FW_D5_20230515","2023-05-15 04:37 PM"
"218","TMP","FW","PW","E3","15cm","FE","20230515","1200",2023-05-12,2023-05-15,"01:17 PM","EDT",3d 0H 0M 0S,6,"20230530",3.1075266929788,0.363591549042672,2.66044598781016,0.251922279646803,0,0,0.0436666666666667,0.0456666666666667,"In Range",1.0125,"FW_E3_20230515","2023-05-15 01:17 PM"
"219","TMP","FW","PW","F6","15cm","FE","20230515","1200",2023-05-12,2023-05-15,"05:46 PM","EDT",3d 0H 0M 0S,6,"20230530",0.982089945990851,0.363591549042672,3.24950794148439,1.15445291572731,2.26741799549354,1.09094908840015,0.0403333333333333,0.047,"In Range",1.0125,"FW_F6_20230515","2023-05-15 05:46 PM"
"220","TMP","FW","PW","I5","15cm","FE","20230515","1200",2023-05-12,2023-05-15,"05:26 PM","EDT",3d 0H 0M 0S,6,"20230530",0.55700259659326,0.727183098085344,1.77685305729881,0.251922279646804,1.21985046070555,0.639583043343987,0.0396666666666667,0.0436666666666667,"In Range",1.0125,"FW_I5_20230515","2023-05-15 05:26 PM"
"221","TMP","SW","PW","C3","15cm","FE","20230515","1200",2023-05-12,2023-05-15,"03:37 PM","EDT",3d 0H 0M 0S,6,"20230530",17.9855839218945,0,61.3457431226055,5.8622698797473,43.360159200711,5.8622698797473,0.067,0.1785,"In Range",1.0125,"SW_C3_20230515","2023-05-15 03:37 PM"
"222","TMP","SW","PW","H6","15cm","FE","20230515","1200",2023-05-12,2023-05-15,"04:15 PM","EDT",3d 0H 0M 0S,6,"20230530",3.74515771707519,0.363591549042672,16.9451983644103,1.99957110498573,13.2000406473351,2.09887442552301,0.0446666666666667,0.078,"In Range",1.0125,"SW_H6_20230515","2023-05-15 04:15 PM"
"223","TMP","SW","PW","B4","15cm","FE","20230515","1200",2023-05-12,2023-05-15,"03:11 PM","EDT",3d 0H 0M 0S,6,"20230530",73.8845703676776,4.42328210169971,64.2174201467674,1.99957110498573,0,0,0.154666666666667,0.185,"In Range",1.0125,"SW_B4_20230515","2023-05-15 03:11 PM"
"224","TMP","SW","PW","F6","15cm","FE","20230515","1200",2023-05-12,2023-05-15,"03:59 PM","EDT",3d 0H 0M 0S,6,"20230530",10.7590989821354,0.363591549042673,42.2748623724022,3.38926763944986,31.5157633902668,3.14308678218555,0.0556666666666667,0.135333333333333,"In Range",1.0125,"SW_F6_20230515","2023-05-15 03:59 PM"
